scenario_id,mode,route_id,total_distance_m,total_travel_time_minutes,segment_count,oracle_exposure_index,predicted_exposure_index,exposure_difference,absolute_exposure_error,percentage_difference,absolute_percentage_error,mean_nearest_station_distance_km,max_nearest_station_distance_km,mean_effective_station_count,moderate_or_weak_segment_fraction,edge_jaccard_with_fastest,edge_difference_fraction_from_fastest
od_01,walking,walking-1,3333.8306473718903,40.00596776846269,111,1280.4043283028204,1038.3449915903266,-242.05933671249386,242.05933671249386,-18.904913968335627,18.904913968335627,2.5257959997211357,3.2378016707352986,4.5450337748900385,0.0,1.0,0.0
od_01,walking,walking-2,3462.8236191283786,41.55388342954054,105,1338.0800561695849,1082.0985558726827,-255.98150029690214,255.98150029690214,-19.130507111037886,19.130507111037886,2.619738140859943,3.2378016707352986,4.618588326122699,0.0,0.014084507042253521,0.9859154929577465
od_01,walking,walking-3,3879.232303808173,46.55078764569807,143,1511.0731188913771,1218.6036607036451,-292.469458187732,292.469458187732,-19.355083121477726,19.355083121477726,2.849892039203532,3.372208908999666,4.720852325765838,0.0,0.01195219123505976,0.9880478087649402
od_01,walking,walking-4,4290.157666544244,51.48189199853094,191,1630.9607156784257,1328.3321712912943,-302.62854438713134,302.62854438713134,-18.555231985538526,18.555231985538526,2.4278517324412716,3.2378016707352986,4.482153242904898,0.0,0.027210884353741496,0.9727891156462585
od_01,walking,walking-5,4479.890669998318,53.758688039979816,215,1734.275710618514,1404.2659709856916,-330.0097396328224,330.0097396328224,-19.028677943896668,19.028677943896668,2.8530339000395015,3.2378016707352986,4.7238020889963686,0.0,0.05844155844155844,0.9415584415584416
od_01,walking,walking-6,3940.520850847591,47.2862502101711,135,1524.6949558703052,1230.1857544700201,-294.50920140028506,294.50920140028506,-19.3159425278073,19.3159425278073,2.5520583471928653,3.2378016707352986,4.577987029394828,0.0,0.28125,0.71875
od_01,walking,walking-7,3334.877228844938,40.01852674613926,111,1280.8036211197395,1038.6694292986172,-242.13419182112239,242.13419182112239,-18.90486471372068,18.90486471372068,2.525904382245326,3.2378016707352986,4.545110866301302,0.0,0.9473684210526315,0.052631578947368474
od_01,walking,walking-8,3337.200169121715,40.04640202946059,114,1281.6627742031692,1039.3879739437734,-242.27480025939576,242.27480025939576,-18.903162761360687,18.903162761360687,2.5313824966052865,3.2378016707352986,4.548776119715087,0.0,0.9565217391304348,0.04347826086956519
od_01,motorbike,motorbike-1,3429.2941499099547,8.230305959783891,119,263.2909483026875,213.6685357961483,-49.622412506539234,49.622412506539234,-18.846987648618953,18.846987648618953,2.4824117636364025,3.2378016707352986,4.52094613665993,0.0,1.0,0.0
od_01,motorbike,motorbike-2,3720.5451721320164,8.92930841311684,139,289.10199771190673,233.6109064012656,-55.49109131064114,55.49109131064114,-19.194295352444644,19.194295352444644,2.8387926939138373,3.372208908999666,4.7129646913501,0.0,0.011764705882352941,0.9882352941176471
od_01,motorbike,motorbike-3,4368.011727860995,10.483228146866388,203,330.71607282130464,269.74956897313945,-60.96650384816519,60.96650384816519,-18.434696362975725,18.434696362975725,2.38723148762283,3.2378016707352986,4.445161770615994,0.0,0.07692307692307693,0.9230769230769231
od_01,motorbike,motorbike-4,4957.587299606684,11.898209519056042,237,395.3942841229935,315.7153377962922,-79.6789463267013,79.6789463267013,-20.151769898098966,20.151769898098966,3.1275190813121143,3.6521862431472334,4.871998401717732,0.0,0.0,1.0
od_01,motorbike,motorbike-5,4883.279133582821,11.71986992059877,218,366.8460023055001,300.26261094086686,-66.58339136463326,66.58339136463326,-18.150229509434393,18.150229509434393,2.223913958546832,3.2378016707352986,4.310324915980226,0.0,0.012012012012012012,0.987987987987988
od_01,motorbike,motorbike-6,5990.124200785455,14.376298081885093,272,456.1842077741073,371.8014296985327,-84.3827780755746,84.3827780755746,-18.497522850979347,18.497522850979347,2.274953171321986,3.2910797152745097,4.3302115296382855,0.0,0.0,1.0
od_01,motorbike,motorbike-7,5350.426005528613,12.841022413268671,207,416.17915680693034,336.40216841414133,-79.77698839278901,79.77698839278901,-19.168905287056063,19.168905287056063,2.9167697876101872,3.6124724114547253,4.6886165742251436,0.0,0.025157232704402517,0.9748427672955975
od_01,motorbike,motorbike-8,7908.227114304611,18.979745074331063,368,594.3354287140576,487.58176840489006,-106.75366030916751,106.75366030916751,-17.96185371956483,17.96185371956483,2.021557934543352,3.342278669479538,4.097698858465443,0.0,0.004123711340206186,0.9958762886597938
od_02,walking,walking-1,4031.1747733479747,48.3740972801757,136,1900.3108917087563,1299.1344780643517,-601.1764136444046,601.1764136444046,-31.635687416590443,31.635687416590443,2.986149069353706,4.1890240681983775,4.564834022120315,0.0,1.0,0.0
od_02,walking,walking-2,4179.665283735303,50.15598340482364,132,1901.6575068211741,1329.9267459436012,-571.730760877573,571.730760877573,-30.06486493108229,30.06486493108229,3.0456441818200775,4.084204059732362,4.684371450011665,0.0,0.03076923076923077,0.9692307692307692
od_02,walking,walking-3,4203.115373844201,50.43738448613041,118,1961.7213392572155,1349.609916512167,-612.1114227450485,612.1114227450485,-31.202771285386426,31.202771285386426,3.281972239954056,4.172850053743609,4.681058266617489,0.0,0.049586776859504134,0.9504132231404958
od_02,walking,walking-4,4798.739244471271,57.58487093365526,200,2219.444365555909,1533.8493668999654,-685.5949986559435,685.5949986559435,-30.890389022399354,30.890389022399354,3.105707884091125,3.897311851805605,4.658034762548126,0.0,0.009009009009009009,0.990990990990991
od_02,walking,walking-5,4768.99194159527,57.227903299143236,156,2237.6701540965123,1534.814192700601,-702.8559613959112,702.8559613959112,-31.41016829979118,31.41016829979118,3.0023620882673927,4.0800034282345985,4.551713998685379,0.0,0.03914590747330961,0.9608540925266904
od_02,walking,walking-6,4882.431836484403,58.58918203781283,186,2330.529904218636,1581.95342875096,-748.5764754676761,748.5764754676761,-32.12044068229425,32.12044068229425,2.716444872300799,4.1890240681983775,4.379715795597631,0.0,0.03205128205128205,0.967948717948718
od_02,walking,walking-7,5247.3019072373745,62.9676228868485,143,2449.2484465196185,1693.3199328456813,-755.9285136739372,755.9285136739372,-30.863692686959197,30.863692686959197,3.022400509173806,4.1890240681983775,4.586970122682268,0.0,0.08560311284046693,0.914396887159533
od_02,walking,walking-8,4032.874831255277,48.39449797506333,134,1902.9596234434036,1300.2477173543784,-602.7119060890252,602.7119060890252,-31.672343367875488,31.672343367875488,2.9560732446053737,4.1890240681983775,4.550610666841907,0.0,0.656441717791411,0.34355828220858897
od_02,motorbike,motorbike-1,4031.1747733479747,9.67481945603514,136,380.0621783417512,259.8268956128702,-120.23528272888097,120.23528272888097,-31.63568741659046,31.63568741659046,2.986149069353706,4.1890240681983775,4.564834022120315,0.0,1.0,0.0
od_02,motorbike,motorbike-2,4179.665283735303,10.031196680964728,132,380.3315013642348,265.98534918872014,-114.34615217551465,114.34615217551465,-30.064864931082308,30.064864931082308,3.0456441818200775,4.084204059732362,4.684371450011665,0.0,0.03076923076923077,0.9692307692307692
od_02,motorbike,motorbike-3,4206.177077687737,10.094824986450568,116,392.62354965045955,270.11587051941615,-122.5076791310434,122.5076791310434,-31.202325800402996,31.202325800402996,3.275598172862786,4.172850053743609,4.678275480927286,0.0,0.05,0.95
od_02,motorbike,motorbike-4,4662.852950896125,11.190847082150698,153,427.5111930297252,297.08905132263067,-130.4221417070945,130.4221417070945,-30.507304565011975,30.507304565011975,3.1541234543269026,3.897311851805605,4.7202226044344275,0.0,0.01048951048951049,0.9895104895104895
od_02,motorbike,motorbike-5,4794.898408301863,11.507756179924469,170,450.2329137254176,308.7270024947866,-141.505911230631,141.505911230631,-31.42949058516207,31.42949058516207,2.926356097495667,4.0800034282345985,4.507731914243703,0.0,0.03728813559322034,0.9627118644067797
od_02,motorbike,motorbike-6,5404.728891443751,12.971349339465004,211,499.77027077857946,344.7464911652303,-155.02377961334918,155.02377961334918,-31.019007867723214,31.019007867723214,3.104096900240729,3.897311851805605,4.662162126025645,0.0,0.00872093023255814,0.9912790697674418
od_02,motorbike,motorbike-7,5018.097801026264,12.043434722463035,172,483.53812020912,326.3656759677072,-157.1724442414128,157.1724442414128,-32.504664611228385,32.504664611228385,2.6618781975452577,4.1890240681983775,4.283074431242846,0.0,0.03355704697986577,0.9664429530201343
od_02,motorbike,motorbike-8,6275.567685737707,15.061362445770495,241,569.7386744129105,397.79540287302757,-171.94327153988297,171.94327153988297,-30.17932242656032,30.17932242656032,2.796709188768691,3.897311851805605,4.560401760533779,0.0,0.005333333333333333,0.9946666666666667
od_03,walking,walking-1,2868.5704745351272,34.422845694421525,187,1211.7332515188175,893.4653089473137,-318.2679425715038,318.2679425715038,-26.26551199883131,26.26551199883131,1.7928781026709568,2.582264999051276,3.8585226497189713,0.0,1.0,0.0
od_03,walking,walking-2,2948.8516364489606,35.386219637387526,139,1268.1773322798263,913.9498344432309,-354.2274978365954,354.2274978365954,-27.93201619522673,27.93201619522673,2.2449293275008286,2.6563854034862326,4.298441852611738,0.0,0.0,1.0
od_03,walking,walking-3,3018.080756930005,36.216969083160066,126,1286.6044594981192,937.5234852654203,-349.08097423269896,349.08097423269896,-27.13195742915962,27.13195742915962,1.9997281880938116,2.582264999051276,4.092272413548998,0.0,0.029605263157894735,0.9703947368421053
od_03,walking,walking-4,3502.8060662306657,42.03367279476799,151,1474.5329804597225,1092.8567626494976,-381.6762178102249,381.6762178102249,-25.884549404329217,25.884549404329217,1.6302306431124325,2.619173952723309,3.649410254003404,0.2251655629139073,0.018072289156626505,0.9819277108433735
od_03,walking,walking-5,3439.2068658573476,41.27048239028817,156,1480.819182081938,1065.632602863319,-415.1865792186188,415.1865792186188,-28.037628377753236,28.037628377753236,2.355483010879057,2.7035745591857254,4.38071856473101,0.0,0.014792899408284023,0.985207100591716
od_03,walking,walking-6,3671.8372304681416,44.0620467656177,159,1555.21125480296,1139.520299091475,-415.690955711485,415.690955711485,-26.72890608447607,26.72890608447607,1.8957519701365844,2.6563854034862326,3.981329362699581,0.0,0.0,1.0
od_03,walking,walking-7,4047.1230223139096,48.56547626776692,194,1721.7840780541271,1256.7215487027315,-465.0625293513956,465.0625293513956,-27.010502378264853,27.010502378264853,1.9717586803785292,2.582264999051276,4.068061382741349,0.0,0.11403508771929824,0.8859649122807017
od_03,walking,walking-8,3757.1125629603875,45.08535075552466,160,1606.9908926603644,1166.3581203060085,-440.6327723543559,440.6327723543559,-27.41974297221379,27.41974297221379,2.0671000048856856,2.6563854034862326,4.133193154458245,0.0,0.014619883040935672,0.9853801169590644
od_03,motorbike,motorbike-1,2879.1708152343526,6.910009956562447,177,243.18054346018135,179.34601691546172,-63.83452654471964,63.83452654471964,-26.249849447832972,26.249849447832972,1.8028674505052262,2.582264999051276,3.8680478820914503,0.0,1.0,0.0
od_03,motorbike,motorbike-2,2965.050267630812,7.116120642313948,147,255.0607738218652,183.7931804631816,-71.2675933586836,71.2675933586836,-27.941416585075125,27.941416585075125,2.2548710037825006,2.6563854034862326,4.30624487046668,0.0,0.0,1.0
od_03,motorbike,motorbike-3,3037.969810029627,7.291127544071104,132,259.0088558246882,188.7246964104048,-70.28415941428344,70.28415941428344,-27.135813248739154,27.135813248739154,1.994460930425003,2.582264999051276,4.087424715446707,0.0,0.04745762711864407,0.9525423728813559
od_03,motorbike,motorbike-4,3730.3427598280064,8.952822623587215,186,316.4751726685315,232.07505464687674,-84.40011802165478,84.40011802165478,-26.668795946926753,26.668795946926753,1.8733980793515308,2.619173952723309,3.975216447291248,0.0,0.0,1.0
od_03,motorbike,motorbike-5,3722.69973823452,8.934479371762848,146,317.13584501645977,230.85936191084252,-86.27648310561725,86.27648310561725,-27.204897983430218,27.204897983430218,2.1202447391431707,2.582264999051276,4.208377761220971,0.0,0.015723270440251572,0.9842767295597484
od_03,motorbike,motorbike-6,4226.954621077359,10.144691090585662,221,365.6787048772996,261.74750139510337,-103.93120348219622,103.93120348219622,-28.4214536137863,28.4214536137863,2.4618633997506802,2.9029005161383763,4.434847185398852,0.0,0.0,1.0
od_03,motorbike,motorbike-7,4796.108130375025,11.51065951290006,224,406.1635314916653,299.490820906847,-106.67271058481833,106.67271058481833,-26.263488056905306,26.263488056905306,1.7471448792232767,2.8020222127474255,3.7791960896462826,0.15178571428571427,0.007537688442211055,0.992462311557789
od_03,motorbike,motorbike-8,5295.943269727383,12.710263847345718,208,464.8070536785281,327.4005458288294,-137.4065078496987,137.4065078496987,-29.56205306314744,29.56205306314744,2.7463282911074134,3.3409602490105694,4.512267960993294,0.0,0.005221932114882507,0.9947780678851175
od_04,walking,walking-1,5520.488372880517,66.24586047456621,193,2526.171611879433,1734.6168637377984,-791.5547481416345,791.5547481416345,-31.334163697324186,31.334163697324186,3.0470241055615075,3.886340431347422,4.48854093844076,0.025906735751295335,1.0,0.0
od_04,walking,walking-2,5675.2072322679305,68.10248678721517,179,2595.1196745098287,1787.4569304812753,-807.6627440285533,807.6627440285533,-31.122369883813015,31.122369883813015,2.948979302381572,4.1890240681983775,4.404648108741239,0.03910614525139665,0.03910614525139665,0.9608938547486033
od_04,walking,walking-3,5963.5070839477185,71.56208500737262,180,2666.855658834742,1872.9746964372562,-793.8809623974857,793.8809623974857,-29.768426340117887,29.768426340117887,2.929248919291195,3.6467941406265325,4.430956512529333,0.03333333333333333,0.04481792717086835,0.9551820728291317
od_04,walking,walking-4,6502.696264260247,78.03235517112297,245,2798.515608257556,2036.832998067902,-761.6826101896538,761.6826101896538,-27.217379382918697,27.217379382918697,2.5219032985024237,3.3522744220269067,4.23777505262025,0.07755102040816327,0.006896551724137931,0.993103448275862
od_04,walking,walking-5,6661.096289052556,79.93315546863067,201,2922.1454482880254,2108.7316415456908,-813.4138067423346,813.4138067423346,-27.83618478740964,27.83618478740964,3.0714337618102574,3.889509834707674,4.487658392615472,0.024875621890547265,0.2468354430379747,0.7531645569620253
od_04,walking,walking-6,5521.552651906517,66.2586318228782,193,2526.671250378259,1734.952151495292,-791.7190988829673,791.7190988829673,-31.334472134609587,31.334472134609587,3.0470715136121056,3.886340431347422,4.48855066720882,0.025906735751295335,0.9693877551020408,0.030612244897959218
od_04,walking,walking-7,5522.649405426444,66.27179286511733,193,2527.1918869963565,1735.3027350375714,-791.8891519587851,791.8891519587851,-31.334745732345997,31.334745732345997,3.047228152863189,3.886340431347422,4.488569197442131,0.025906735751295335,0.9794871794871794,0.02051282051282055
od_04,walking,walking-8,5522.945180980105,66.27534217176127,195,2526.823983041098,1735.321102971851,-791.5028800692471,791.5028800692471,-31.324021197418464,31.324021197418464,3.032251036136325,3.886340431347422,4.474600141866627,0.035897435897435895,0.9595959595959596,0.04040404040404044
od_04,motorbike,motorbike-1,5531.617742970435,13.275882583129041,172,524.756402702522,347.2539257313144,-177.5024769712076,177.5024769712076,-33.82569055985994,33.82569055985994,3.0611467638433725,3.9912743235648427,4.4485597038758735,0.029069767441860465,1.0,0.0
od_04,motorbike,motorbike-2,5675.2072322679305,13.620497357443034,179,540.5624818113354,356.4700851629757,-184.09239664835968,184.09239664835968,-34.05571101262828,34.05571101262828,2.948979302381572,4.1890240681983775,4.404648108741239,0.03910614525139665,0.04154302670623145,0.9584569732937686
od_04,motorbike,motorbike-3,5934.702314462292,14.2432855547095,192,559.147073506522,371.1191371306269,-188.02793637589514,188.02793637589514,-33.627634889821515,33.627634889821515,2.9331374900131006,3.6467941406265325,4.450028489997916,0.03125,0.0196078431372549,0.9803921568627451
od_04,motorbike,motorbike-4,6507.253056448894,15.617407335477345,243,608.2883755289349,405.3963195410847,-202.8920559878502,202.8920559878502,-33.35458380433888,33.35458380433888,2.5233520615028016,3.3522744220269067,4.23528158900796,0.07818930041152264,0.009732360097323601,0.9902676399026764
od_04,motorbike,motorbike-5,7455.686349722729,17.89364723933455,237,694.5119161233447,463.8006151261439,-230.7113009972008,230.7113009972008,-33.219199792135264,33.219199792135264,2.470979461583402,3.2112821139124756,4.183480500887309,0.16455696202531644,0.007389162561576354,0.9926108374384236
od_04,motorbike,motorbike-6,8308.739262503555,19.94097423000853,286,790.1049107294386,517.5095279489417,-272.59538278049695,272.59538278049695,-34.50116295680685,34.50116295680685,2.664192919780129,3.732470706662316,4.180742760657817,0.17132867132867133,0.006593406593406593,0.9934065934065934
od_04,motorbike,motorbike-7,9058.58434508862,21.740602428212686,409,827.3179436603248,562.7210017981583,-264.59694186216643,264.59694186216643,-31.98249764673339,31.98249764673339,2.189326194782342,3.182692187130468,4.050772692609987,0.09535452322738386,0.006932409012131715,0.9930675909878682
od_04,motorbike,motorbike-8,10551.5949527706,25.32382788664944,393,988.2502489537699,654.081226559319,-334.16902239445085,334.16902239445085,-33.814210798148075,33.814210798148075,2.188413943569103,3.234175196571389,3.9644396615768827,0.14249363867684478,0.005338078291814947,0.994661921708185
od_05,walking,walking-1,6599.1173935056095,79.18940872206731,249,2533.8510501846745,2005.071681474288,-528.7793687103865,528.7793687103865,-20.868605069419825,20.868605069419825,2.187712965429115,3.29570336549407,4.060823597411404,0.0,1.0,0.0
od_05,walking,walking-2,6784.464022663192,81.41356827195831,246,2579.841917503312,2059.991863821759,-519.8500536815527,519.8500536815527,-20.150461551715807,20.150461551715807,2.166139456846199,3.1811595350816413,4.064894744009038,0.0,0.01642710472279261,0.9835728952772074
od_05,walking,walking-3,7136.549089395779,85.63858907274934,298,2725.063885962594,2189.1101301395333,-535.9537558230609,535.9537558230609,-19.66756664252449,19.66756664252449,1.9967312906986487,3.1986391431815377,3.873918890699437,0.1342281879194631,0.014842300556586271,0.9851576994434137
od_05,walking,walking-4,7697.826013392555,92.37391216071067,308,2807.234306376256,2321.063029832328,-486.1712765439279,486.1712765439279,-17.3185143626827,17.3185143626827,2.0552261581525313,3.279639118276909,3.98688789889402,0.012987012987012988,0.018281535648994516,0.9817184643510055
od_05,walking,walking-5,6599.228133870036,79.19073760644044,249,2533.8592980815997,2005.0887853579497,-528.77051272365,528.77051272365,-20.868187634727207,20.868187634727207,2.18780224664076,3.29570336549407,4.060912911340678,0.0,0.9840637450199203,0.015936254980079667
od_05,walking,walking-6,6599.491968275206,79.19390361930249,249,2534.0554999092847,2005.2153094707621,-528.8401904385225,528.8401904385225,-20.869321546329754,20.869321546329754,2.187520271209824,3.29570336549407,4.060671946153694,0.0,0.9840637450199203,0.015936254980079667
od_05,walking,walking-7,6599.6027086396325,79.1952325036756,249,2534.06374780621,2005.2324133544237,-528.8313344517862,528.8313344517862,-20.868904142984018,20.868904142984018,2.187609552421469,3.29570336549407,4.060761260082969,0.0,0.9683794466403162,0.031620553359683834
od_05,walking,walking-8,6599.613248653397,79.19535898384078,249,2534.0189580312062,2005.2262661835348,-528.7926918476714,528.7926918476714,-20.8677480557807,20.8677480557807,2.1877116805344254,3.29570336549407,4.060820844428105,0.0,0.9840637450199203,0.015936254980079667
od_05,motorbike,motorbike-1,6445.369478954613,15.468886749491073,243,538.4203047254263,389.6325130292415,-148.78779169618474,148.78779169618474,-27.63413459528812,27.63413459528812,2.1841290094151775,3.29570336549407,4.0543501486071145,0.0,1.0,0.0
od_05,motorbike,motorbike-2,6846.172276292444,16.430813463101863,284,573.0088295750519,417.312597976923,-155.69623159812892,155.69623159812892,-27.171698508309994,27.171698508309994,1.9204494652711708,3.182692187130468,3.808119248473809,0.14084507042253522,0.05189620758483034,0.9481037924151696
od_05,motorbike,motorbike-3,7383.760810561117,17.721025945346682,281,617.48712723413,446.3304967261367,-171.15663050799327,171.15663050799327,-27.718250787614647,27.718250787614647,2.2706286122263926,3.1986391431815377,4.15224928534997,0.0,0.048,0.952
od_05,motorbike,motorbike-4,8052.100580253528,19.325041392608465,300,675.2007618419783,492.75662220260676,-182.44413963937154,182.44413963937154,-27.02072479030617,27.02072479030617,1.8791433977949994,3.2233580042330097,3.6737009535146257,0.05,0.04222648752399232,0.9577735124760077
od_05,motorbike,motorbike-5,8792.392827452573,21.101742785886177,339,738.6416151895307,541.0706282974716,-197.57098689205918,197.57098689205918,-26.747881899581806,26.747881899581806,1.893706510780856,3.2112821139124756,3.6846554629656167,0.04424778761061947,0.008665511265164644,0.9913344887348353
od_05,motorbike,motorbike-6,10106.789805542736,24.25629553330257,404,845.0668646026587,613.0792937601326,-231.9875708425261,231.9875708425261,-27.45197812857142,27.45197812857142,1.8907149074984948,3.234175196571389,3.820711708896738,0.05198019801980198,0.0015479876160990713,0.9984520123839009
od_05,motorbike,motorbike-7,11003.54809635794,26.40851543125905,431,929.3772267616038,673.1724225141023,-256.20480424750144,256.20480424750144,-27.56736413052017,27.56736413052017,1.8745745819343391,3.6467941406265325,3.735517555896902,0.04640371229698376,0.004470938897168405,0.9955290611028316
od_05,motorbike,motorbike-8,12618.001043919243,30.28320250540618,497,1047.6035311655546,765.9779330602539,-281.6255981053007,281.6255981053007,-26.882841621578585,26.882841621578585,1.711478835084152,3.3522744220269067,3.5194712529960217,0.04024144869215292,0.0013531799729364006,0.9986468200270636
od_06,walking,walking-1,3537.365189594572,42.44838227513487,148,1399.9233710108867,1099.3491177612561,-300.5742532496306,300.5742532496306,-21.47076471997074,21.47076471997074,1.0245719250844612,1.6951302740504246,2.8756364216083825,0.1554054054054054,1.0,0.0
od_06,walking,walking-2,3644.4912539881616,43.733895047857935,180,1446.972852452242,1132.86498827982,-314.10786417242207,314.10786417242207,-21.7079307078976,21.7079307078976,1.175656861238043,1.6951302740504246,3.1408524312437067,0.22777777777777777,0.06493506493506493,0.935064935064935
od_06,walking,walking-3,3861.827773806514,46.34193328567817,201,1538.6956673436384,1200.926323381852,-337.7693439617865,337.7693439617865,-21.951666670050624,21.951666670050624,1.2329559233686147,1.7209983487524767,3.234759647361995,0.3283582089552239,0.029498525073746312,0.9705014749262537
od_06,walking,walking-4,4270.552599826714,51.24663119792057,181,1678.229692365159,1325.4122051153436,-352.8174872498155,352.8174872498155,-21.023194194150115,21.023194194150115,0.9952434306154406,1.7231899121115803,2.806005846063151,0.143646408839779,0.003048780487804878,0.9969512195121951
od_06,walking,walking-5,4555.358741668228,54.664304900018735,235,1831.026960143035,1418.7558345345724,-412.2711256084626,412.2711256084626,-22.515841360208977,22.515841360208977,1.5059030441726697,1.8687533193209516,3.6225246011161194,0.01702127659574468,0.0,1.0
od_06,walking,walking-6,3537.459356155005,42.44951227386006,148,1399.9666468259336,1099.3814371223696,-300.58520970356403,300.58520970356403,-21.47088363748266,21.47088363748266,1.024791600393974,1.6951302740504246,2.8758928661825665,0.1554054054054054,0.9473684210526315,0.052631578947368474
od_06,walking,walking-7,3538.2918404593456,42.45950208551215,148,1400.3066562875954,1099.6411233210688,-300.6655329665266,300.6655329665266,-21.47140639634122,21.47140639634122,1.024914452151928,1.6951302740504246,2.8762028139121636,0.1554054054054054,0.9733333333333334,0.026666666666666616
od_06,walking,walking-8,3538.386007019779,42.460632084237346,148,1400.3499321026422,1099.673442682182,-300.67648942046026,300.67648942046026,-21.471525261474532,21.471525261474532,1.0251341274614412,1.6951302740504246,2.8764592584863475,0.1554054054054054,0.922077922077922,0.07792207792207795
od_06,motorbike,motorbike-1,3664.907543438789,8.795778104253094,177,289.96369112562195,227.76683363333711,-62.196857492284835,62.196857492284835,-21.449877828096444,21.449877828096444,1.0805582047253957,1.6951302740504246,2.9806950376253196,0.12994350282485875,1.0,0.0
od_06,motorbike,motorbike-2,3713.55208690206,8.912525008564945,192,294.94249439564294,230.8882226660692,-64.05427172957374,64.05427172957374,-21.717545944278143,21.717545944278143,1.1857673081067366,1.6951302740504246,3.1594750924657156,0.21354166666666666,0.1941747572815534,0.8058252427184466
od_06,motorbike,motorbike-3,4055.6641293022385,9.733593910325371,183,319.36397958211757,250.8206358092145,-68.54334377290306,68.54334377290306,-21.46245292364871,21.46245292364871,1.1644151169956067,1.7231899121115803,3.1213713571049957,0.26229508196721313,0.02857142857142857,0.9714285714285714
od_06,motorbike,motorbike-4,4627.731482063553,11.106555556952525,244,371.9956714024259,288.28005129608795,-83.71562010633795,83.71562010633795,-22.504460815559916,22.504460815559916,1.4900524423974182,1.8687533193209516,3.6012174501241687,0.01639344262295082,0.0,1.0
od_06,motorbike,motorbike-5,4511.935414416441,10.82864499459946,194,354.11356707385295,279.6280991983078,-74.48546787554517,74.48546787554517,-21.034344572291037,21.034344572291037,0.9730748862337467,1.7373001714849683,2.774037104643473,0.12886597938144329,0.01366120218579235,0.9863387978142076
od_06,motorbike,motorbike-6,5290.044003739078,12.696105608973786,227,428.21192151048666,330.28043720768204,-97.93148430280462,97.93148430280462,-22.869864051742972,22.869864051742972,1.7616075210164797,2.173776248631559,3.9295987634919745,0.0,0.0024813895781637717,0.9975186104218362
od_06,motorbike,motorbike-7,5777.694021722921,13.86646565213501,240,445.76780408734356,355.0384766970712,-90.72932739027237,90.72932739027237,-20.353494926810576,20.353494926810576,1.1658438856498945,1.9549310319213218,3.0322196409059416,0.08333333333333333,0.0,1.0
od_06,motorbike,motorbike-8,6403.564913596633,15.36855579263192,267,519.4893896662696,400.4190566627067,-119.07033300356295,119.07033300356295,-22.920647730660317,22.920647730660317,2.0025411294410786,2.492619922868783,4.154652688514757,0.0,0.0,1.0
od_07,walking,walking-1,3010.078469087085,36.12094162904502,119,1322.4744643795232,963.5440247405447,-358.93043963897844,358.93043963897844,-27.140821944519054,27.140821944519054,2.1371601379494622,2.9148083737815984,4.124394482779784,0.03361344537815126,1.0,0.0
od_07,walking,walking-2,3052.1049210734086,36.62525905288091,128,1340.9370536569306,977.063454343612,-363.87359931331866,363.87359931331866,-27.135770342163518,27.135770342163518,2.062672897606324,2.9093363187192076,4.064016414618506,0.03125,0.06465517241379311,0.9353448275862069
od_07,walking,walking-3,3868.7068261117006,46.42448191334041,178,1701.638588115035,1236.8835845124938,-464.75500360254114,464.75500360254114,-27.31220406310641,27.31220406310641,2.189951350195624,2.925801400700092,4.120290167991823,0.03932584269662921,0.006779661016949152,0.9932203389830508
od_07,walking,walking-4,4012.0415919286515,48.14449910314382,170,1754.6972149492262,1285.3294107336105,-469.3678042156157,469.3678042156157,-26.74921919387655,26.74921919387655,2.1478281352211033,2.9642979333920696,4.182343510157051,0.0058823529411764705,0.014035087719298246,0.9859649122807017
od_07,walking,walking-5,3962.9761296816596,47.555713556179924,212,1734.0861838875833,1268.2726911238685,-465.81349276371475,465.81349276371475,-26.86218811336267,26.86218811336267,2.1831216960289135,2.930514046481197,4.184271736708161,0.0047169811320754715,0.012232415902140673,0.9877675840978594
od_07,walking,walking-6,4080.9006073865394,48.970807288638476,190,1777.5838936021212,1303.132744849732,-474.45114875238914,474.45114875238914,-26.690788010626864,26.690788010626864,1.9414015699680691,2.9093363187192076,3.9680385018471522,0.042105263157894736,0.22134387351778656,0.7786561264822134
od_07,walking,walking-7,3015.7407748952337,36.1888892987428,120,1324.8252028420177,965.330185433743,-359.49501740827463,359.49501740827463,-27.135279177742483,27.135279177742483,2.132263017101802,2.9148083737815984,4.120692513705914,0.03333333333333333,0.8968253968253969,0.10317460317460314
od_07,walking,walking-8,3015.8570403392914,36.190284484071505,120,1324.871776098802,965.3665268686308,-359.5052492301712,359.5052492301712,-27.135097578179614,27.135097578179614,2.1321434630793714,2.9148083737815984,4.120531216907906,0.03333333333333333,0.912,0.08799999999999997
od_07,motorbike,motorbike-1,3627.8653750120166,8.70687690002884,138,316.707051850389,231.8400543718206,-84.86699747856841,84.86699747856841,-26.796687027562367,26.796687027562367,2.0419740005860367,2.9093363187192076,4.0555441456421395,0.028985507246376812,1.0,0.0
od_07,motorbike,motorbike-2,3687.3343796905733,8.849602511257377,163,324.04868229367656,235.80359188437217,-88.2450904093044,88.2450904093044,-27.23204729137897,27.23204729137897,2.2049103375657806,2.925801400700092,4.146974586705448,0.024539877300613498,0.25416666666666665,0.7458333333333333
od_07,motorbike,motorbike-3,3876.8683445495967,9.304484026919031,202,338.99241722879356,247.9978389670089,-90.99457826178465,90.99457826178465,-26.842658902417387,26.842658902417387,2.152620940411275,2.9093363187192076,4.171968330502338,0.0049504950495049506,0.10749185667752444,0.8925081433224755
od_07,motorbike,motorbike-4,4415.441329392981,10.597059190543154,208,384.66083787375317,281.5837763740872,-103.07706149966594,103.07706149966594,-26.79686917686592,26.79686917686592,1.819943884542097,2.925801400700092,3.7352270257820743,0.17307692307692307,0.002898550724637681,0.9971014492753624
od_07,motorbike,motorbike-5,5170.4619718541535,12.409108732449967,191,461.3102777349671,333.1341873458898,-128.17609038907727,128.17609038907727,-27.785223216448095,27.785223216448095,2.1134024223801484,2.9564575098913504,4.125885688547069,0.005235602094240838,0.0,1.0
od_07,motorbike,motorbike-6,5317.2180673122,12.761323361549278,202,465.26249961864056,339.61613378183773,-125.64636583680283,125.64636583680283,-27.005478829647945,27.005478829647945,1.9417874267026098,2.94719976610778,3.8166084253172907,0.11386138613861387,0.0029498525073746312,0.9970501474926253
od_07,motorbike,motorbike-7,5942.755175528985,14.262612421269564,256,516.6162138142499,378.37437905424156,-138.24183476000837,138.24183476000837,-26.75909719119141,26.75909719119141,1.765191748598248,3.004139572771944,3.657248170963893,0.10546875,0.002544529262086514,0.9974554707379135
od_07,motorbike,motorbike-8,6766.400071842087,16.239360172421005,240,600.8962485809815,432.643119904468,-168.25312867651348,168.25312867651348,-28.000362637284525,28.000362637284525,1.9011143715045826,3.13244078566591,3.7981817129589293,0.10416666666666667,0.008,0.992
od_08,walking,walking-1,6870.356216816323,82.44427460179587,346,2536.0399494045337,2122.3686317194865,-413.67131768504714,413.67131768504714,-16.311703519582878,16.311703519582878,1.5956571712717362,2.565717103622989,3.55864314199059,0.05491329479768786,1.0,0.0
od_08,walking,walking-2,7066.552712232213,84.79863254678656,281,2689.7513944932407,2213.9000378349106,-475.85135665833013,475.85135665833013,-17.691276511001952,17.691276511001952,1.917030373751381,2.8213198249456846,3.952397204023369,0.199288256227758,0.00966183574879227,0.9903381642512077
od_08,walking,walking-3,7181.705333275932,86.18046399931119,299,2619.3402583434213,2213.9486644891094,-405.39159385431185,405.39159385431185,-15.476858822102717,15.476858822102717,1.6459447121019959,2.5606135633341833,3.598155889198581,0.06354515050167224,0.03697749196141479,0.9630225080385852
od_08,walking,walking-4,7442.834681192636,89.31401617431165,308,2770.0775018681957,2321.2714084707254,-448.80609339747025,448.80609339747025,-16.201932729130736,16.201932729130736,1.6611439970739343,2.8659408416259904,3.629872388840649,0.12987012987012986,0.007704160246533128,0.9922958397534669
od_08,walking,walking-5,7891.429810836159,94.69715773003391,378,2936.432427479095,2462.79052039112,-473.64190708797514,473.64190708797514,-16.129841867146016,16.129841867146016,1.7637968597118006,2.6128871230956237,3.78845110086226,0.1164021164021164,0.004160887656033287,0.9958391123439667
od_08,walking,walking-6,8097.506608513472,97.17007930216167,351,2939.209451722945,2504.5863379032703,-434.6231138196745,434.6231138196745,-14.78707526491184,14.78707526491184,1.5672448285985563,2.5755693540274742,3.5178286021792045,0.06267806267806268,0.004322766570605188,0.9956772334293948
od_08,walking,walking-7,6870.482093297512,82.44578511957015,346,2536.085977675332,2122.407602338905,-413.67837533642705,413.67837533642705,-16.311685762153047,16.311685762153047,1.5956670380734939,2.565717103622989,3.558649823265473,0.05491329479768786,0.9438202247191011,0.0561797752808989
od_08,walking,walking-8,6871.282867681097,82.45539441217315,346,2536.4232346812423,2122.660637279299,-413.76259740194337,413.76259740194337,-16.31283737447476,16.31283737447476,1.5958036857399012,2.565717103622989,3.558885413843074,0.05491329479768786,0.9885057471264368,0.011494252873563204
od_08,motorbike,motorbike-1,6958.7273263523275,16.700945583245588,359,539.4089466786367,429.6715313640514,-109.73741531458523,109.73741531458523,-20.344010975398863,20.344010975398863,1.5584617816933755,2.565717103622989,3.5301584596000155,0.052924791086350974,1.0,0.0
od_08,motorbike,motorbike-2,7215.548279104051,17.317315869849722,333,563.3719283687201,446.6925870761277,-116.67934129259237,116.67934129259237,-20.710890162817474,20.710890162817474,1.6638706043480946,2.5606135633341833,3.6609588027368627,0.14714714714714713,0.048484848484848485,0.9515151515151515
od_08,motorbike,motorbike-3,7573.324596391733,18.17597903134016,344,601.0665303897835,472.6948878224887,-128.37164256729477,128.37164256729477,-21.3573100608426,21.3573100608426,1.7097871816206642,2.8757274718573624,3.7161849219289893,0.23837209302325582,0.0014245014245014246,0.9985754985754985
od_08,motorbike,motorbike-4,7575.277566997327,18.18066616079358,315,578.698024489864,465.4623793826176,-113.2356451072464,113.2356451072464,-19.56731150189536,19.56731150189536,1.6172200109215393,2.5606135633341833,3.5952222912560017,0.05396825396825397,0.03374233128834356,0.9662576687116564
od_08,motorbike,motorbike-5,8390.002444496451,20.136005866791482,363,674.3052585145878,524.6578151672917,-149.64744334729608,149.64744334729608,-22.192833506437594,22.192833506437594,2.119991511557929,2.7045542910436815,4.2143081966662175,0.0,0.0,1.0
od_08,motorbike,motorbike-6,8834.829668619339,21.20359120468641,427,649.5027186461614,527.1191387862834,-122.38357985987795,122.38357985987795,-18.84265859810058,18.84265859810058,1.4229330948014245,2.5755693540274742,3.4615371336043017,0.11007025761124122,0.0,1.0
od_08,motorbike,motorbike-7,9392.556663716472,22.542135992919533,344,675.0956799674273,548.3645885728384,-126.73109139458882,126.73109139458882,-18.772315562840436,18.772315562840436,1.622749021248314,2.583940321596149,3.6245466842406704,0.01744186046511628,0.0,1.0
od_08,motorbike,motorbike-8,9441.957784148508,22.66069868195642,437,756.0613438723727,591.2694298270271,-164.7919140453456,164.7919140453456,-21.796103633776493,21.796103633776493,2.0119662440767705,3.21780235494587,4.034237204385519,0.009153318077803204,0.0012578616352201257,0.9987421383647799
od_09,walking,walking-1,3714.987884771448,44.57985461725738,100,1115.931158650744,1004.3434054282648,-111.58775322247925,111.58775322247925,-9.999519446826664,9.999519446826664,1.254413006990054,2.4283566918669766,3.094443197504215,0.05,1.0,0.0
od_09,walking,walking-2,3994.5810680180316,47.93497281621638,155,1250.9884975274597,1103.033174949045,-147.95532257841478,147.95532257841478,-11.82707298035465,11.82707298035465,1.450890197287543,2.432427560678337,3.4012276045740295,0.07096774193548387,0.0944206008583691,0.9055793991416309
od_09,walking,walking-3,4409.140877200214,52.90969052640257,216,1466.303838442216,1256.4138204497292,-209.89001799248672,209.89001799248672,-14.314224138939132,14.314224138939132,1.5786054230319613,2.4814081529128713,3.6593524212622235,0.09259259259259259,0.009584664536741214,0.9904153354632588
od_09,walking,walking-4,4384.315892491492,52.61179070989791,134,1319.7885116723432,1188.397033034121,-131.39147863822222,131.39147863822222,-9.955494950606303,9.955494950606303,1.3891794070007726,2.3996382211507847,3.266809861667186,0.05970149253731343,0.05405405405405406,0.9459459459459459
od_09,walking,walking-5,4742.4154350489225,56.90898522058707,219,1591.0323030459024,1357.0463279805886,-233.98597506531382,233.98597506531382,-14.706550873754521,14.706550873754521,1.7199915950099691,2.557990431412216,3.794975367912235,0.0593607305936073,0.006309148264984227,0.9936908517350158
od_09,walking,walking-6,4802.7629451718985,57.63315534206278,171,1482.3259393180801,1318.3824528448656,-163.94348647321453,163.94348647321453,-11.059881104734231,11.059881104734231,1.4671128908140363,2.4283566918669766,3.385512750758843,0.05263157894736842,0.17316017316017315,0.8268398268398268
od_09,walking,walking-7,3715.8630156975987,44.59035618837118,100,1116.2489614956082,1004.6142029513264,-111.6347585442818,111.6347585442818,-10.00088353002432,10.00088353002432,1.2544813669719337,2.431417274747927,3.0944900749380264,0.05,0.9607843137254902,0.039215686274509776
od_09,walking,walking-8,3715.9843329914643,44.59181199589757,103,1115.9798431567185,1004.5244589078458,-111.45538424887275,111.45538424887275,-9.987221985444133,9.987221985444133,1.2763871481389084,2.4283566918669766,3.126038365313927,0.04854368932038835,0.897196261682243,0.10280373831775702
od_09,motorbike,motorbike-1,4134.123639767717,9.921896735442521,158,257.2031686150781,227.65398072470325,-29.54918789037484,29.54918789037484,-11.488656243810587,11.488656243810587,1.215548283033447,2.432427560678337,3.113252756212401,0.08227848101265822,1.0,0.0
od_09,motorbike,motorbike-2,4538.957874153826,10.893498897969183,218,305.5387913431755,260.28811010268197,-45.25068124049352,45.25068124049352,-14.810126413594665,14.810126413594665,1.7033463621219995,2.4919113337745693,3.7860029055779805,0.06422018348623854,0.010752688172043012,0.989247311827957
od_09,motorbike,motorbike-3,4554.583954733635,10.931001491360725,192,296.78410060250576,256.58610210362554,-40.197998498880224,40.197998498880224,-13.544525605405976,13.544525605405976,1.4701845824674458,2.4613021622725895,3.497477660224766,0.09895833333333333,0.13636363636363635,0.8636363636363636
od_09,motorbike,motorbike-4,5284.244385537157,12.682186525289175,179,327.7968842749196,290.63622808324266,-37.160656191676935,37.160656191676935,-11.336488531267035,11.336488531267035,1.2878544114150545,2.46175248618609,3.2128062527969132,0.0782122905027933,0.053125,0.946875
od_09,motorbike,motorbike-5,6360.1463585915835,15.264351260619799,284,457.8362031596479,377.9868684523685,-79.84933470727935,79.84933470727935,-17.440589921945474,17.440589921945474,1.8398291142239072,2.5533719386171874,3.917516552365997,0.028169014084507043,0.004545454545454545,0.9954545454545455
od_09,motorbike,motorbike-6,5752.129528566935,13.805110868560643,272,381.4566543764532,328.1061359648369,-53.35051841161629,53.35051841161629,-13.985997569979618,13.985997569979618,1.6153994991711047,2.69616899997212,3.6875116298197512,0.014705882352941176,0.002331002331002331,0.9976689976689976
od_09,motorbike,motorbike-7,7766.043199904027,18.638503679769663,302,564.2041922074383,463.9615269121695,-100.24266529526875,100.24266529526875,-17.767089766396666,17.767089766396666,1.8253604608716452,2.8757274718573624,3.8602271923967995,0.029801324503311258,0.01098901098901099,0.989010989010989
od_09,motorbike,motorbike-8,9897.359620826117,23.75366308998268,417,731.8512330906797,595.5934037457927,-136.257829344887,136.257829344887,-18.618241410820172,18.618241410820172,1.5823207015136644,2.6128871230956237,3.5474532833551593,0.06235011990407674,0.028622540250447227,0.9713774597495528
od_10,walking,walking-1,4185.687637541589,50.22825165049906,164,1855.8591692704306,1326.3242048494005,-529.53496442103,529.53496442103,-28.533143742216126,28.533143742216126,2.2334416863307283,3.7108281246641988,4.113552961893979,0.09146341463414634,1.0,0.0
od_10,walking,walking-2,4395.9991882234835,52.7519902586818,247,1962.914325089165,1399.806874653501,-563.1074504356641,563.1074504356641,-28.68731677375094,28.68731677375094,2.2013860088246036,3.421783970808052,4.128672408401858,0.048582995951417005,0.019851116625310174,0.9801488833746899
od_10,walking,walking-3,4422.248506346172,53.06698207615407,168,1962.131609645984,1402.7676697082693,-559.3639399377148,559.3639399377148,-28.50797251253893,28.50797251253893,2.2878562120463934,3.5694515208074877,4.115312675697287,0.16666666666666666,0.06752411575562701,0.932475884244373
od_10,walking,walking-4,4671.923754688715,56.06308505626459,193,2056.1802190865897,1476.853539875963,-579.3266792106267,579.3266792106267,-28.17489798963143,28.17489798963143,1.948341090269444,3.699733829819944,3.8228472795657535,0.10880829015544041,0.014204545454545454,0.9857954545454546
od_10,walking,walking-5,5276.724061903826,63.32068874284592,204,2357.41131224681,1690.2126132440571,-667.1986990027531,667.1986990027531,-28.302176015557375,28.302176015557375,2.4452787149479143,3.4067898217976684,4.235304087983666,0.058823529411764705,0.00821917808219178,0.9917808219178083
od_10,walking,walking-6,4188.220874538794,50.258650494465535,162,1856.9506227618615,1327.1182581042376,-529.8323646576239,529.8323646576239,-28.532388430964247,28.532388430964247,2.2396518155814014,3.7108281246641988,4.116488000516577,0.09259259259259259,0.963855421686747,0.03614457831325302
od_10,walking,walking-7,4188.427303785825,50.26112764542989,161,1857.0414873390878,1327.181118060951,-529.8603692781369,529.8603692781369,-28.5325003717263,28.5325003717263,2.2422494959647215,3.7108281246641988,4.117351840483159,0.09316770186335403,0.9461077844311377,0.053892215568862256
od_10,walking,walking-8,4191.191762378216,50.294301148538594,171,1858.2557470112622,1328.1201853503549,-530.1355616609073,530.1355616609073,-28.52866525576764,28.52866525576764,2.2090284961377926,3.7108281246641988,4.099132708610795,0.08771929824561403,0.6666666666666666,0.33333333333333337
od_10,motorbike,motorbike-1,4185.687637541589,10.045650330099813,164,371.1718338540861,265.26484096987997,-105.90699288420615,105.90699288420615,-28.533143742216165,28.533143742216165,2.2334416863307283,3.7108281246641988,4.113552961893979,0.09146341463414634,1.0,0.0
od_10,motorbike,motorbike-2,4394.830211426111,10.547592507422667,164,389.57567861530015,278.71237892035117,-110.86329969494898,110.86329969494898,-28.457448906718007,28.457448906718007,2.21916348244103,3.5694515208074877,4.060994207721908,0.1951219512195122,0.08609271523178808,0.9139072847682119
od_10,motorbike,motorbike-3,4654.755135099948,11.171412324239874,229,415.78417334564193,296.4315645901393,-119.35260875550262,119.35260875550262,-28.70542372864314,28.70542372864314,2.2611094203309983,3.4105448489670485,4.177434200125676,0.043668122270742356,0.02610966057441253,0.9738903394255874
od_10,motorbike,motorbike-4,5386.858029237803,12.928459270170727,220,476.303932273649,340.44423644304436,-135.85969583060466,135.85969583060466,-28.52374012158055,28.52374012158055,2.061812095699325,3.7396523661577965,3.9331152729417442,0.09545454545454546,0.005235602094240838,0.9947643979057592
od_10,motorbike,motorbike-5,5511.374478011498,13.227298747227593,208,497.61245108294816,352.8541916926553,-144.75825939029284,144.75825939029284,-29.09056215841407,29.09056215841407,2.4397239357963603,3.4067898217976684,4.233492736394701,0.057692307692307696,0.008130081300813009,0.991869918699187
od_10,motorbike,motorbike-6,5634.416015636255,13.522598437527012,213,496.07431195837484,355.2528203973272,-140.82149156104765,140.82149156104765,-28.38717671252122,28.38717671252122,2.10266573055745,3.820559222118173,3.916087444757437,0.11267605633802817,0.027247956403269755,0.9727520435967303
od_10,motorbike,motorbike-7,6236.241931359497,14.966980635262793,192,556.6583246291688,397.8236739388193,-158.83465069034946,158.83465069034946,-28.533598378531565,28.533598378531565,2.564120615172355,3.4943009725628,4.325513854774436,0.03125,0.0028169014084507044,0.9971830985915493
od_10,motorbike,motorbike-8,6017.043125469885,14.440903501127725,234,529.2571173155151,378.99461490721114,-150.26250240830393,150.26250240830393,-28.391210527401444,28.391210527401444,1.9663533550952836,3.8511939298464664,3.8173181524374686,0.13247863247863248,0.01015228426395939,0.9898477157360406
