scenario_id,origin_latitude,origin_longitude,destination_latitude,destination_longitude,straight_line_distance_km,generation_seed,generation_method
od_01,10.79920439306918,106.66115000810552,10.805572971047095,106.68707545410574,2.918902831080815,42,seeded uniform rejection inside stations 2–6 polygon; straight-line distance 2–6 km
od_02,10.799537520759735,106.63665376437885,10.776087579733087,106.62152563811301,3.087024889524067,42,seeded uniform rejection inside stations 2–6 polygon; straight-line distance 2–6 km
od_03,10.765486385651338,106.6542878896305,10.776300874791875,106.63613550048358,2.319035445599661,42,seeded uniform rejection inside stations 2–6 polygon; straight-line distance 2–6 km
od_04,10.792322768162512,106.63114890112082,10.756012195020203,106.61787070547071,4.290180649587548,42,seeded uniform rejection inside stations 2–6 polygon; straight-line distance 2–6 km
od_05,10.775500302968537,106.67417471011517,10.751489340242742,106.62861919680235,5.647406950978764,42,seeded uniform rejection inside stations 2–6 polygon; straight-line distance 2–6 km
od_06,10.788727943085592,106.67265404421045,10.783046373216939,106.64761724864027,2.8068084909394866,42,seeded uniform rejection inside stations 2–6 polygon; straight-line distance 2–6 km
od_07,10.790954730672,106.6578912360163,10.802218892212034,106.63387899927777,2.906505160198627,42,seeded uniform rejection inside stations 2–6 polygon; straight-line distance 2–6 km
od_08,10.799565164990705,106.68903344672287,10.774781425489092,106.64443701246266,5.596778485150166,42,seeded uniform rejection inside stations 2–6 polygon; straight-line distance 2–6 km
od_09,10.798042926863314,106.68929148468376,10.773482121168517,106.68004880475621,2.9116737402666666,42,seeded uniform rejection inside stations 2–6 polygon; straight-line distance 2–6 km
od_10,10.784690698500322,106.65192191922864,10.785432154315679,106.6194194347684,3.551234051212264,42,seeded uniform rejection inside stations 2–6 polygon; straight-line distance 2–6 km
