scenario_id,mode,delta_time_allowed_minutes,epsilon_internal,maximum_feasible_time_minutes,feasible_route_count,feasible_alternative_count,fastest_route_id,predicted_optimal_route_id,oracle_optimal_route_id,predicted_optimal_travel_time_minutes,predicted_optimal_additional_time_minutes,predicted_optimal_predicted_exposure,predicted_optimal_oracle_exposure,predicted_exposure_reduction_vs_fastest,oracle_exposure_reduction_vs_fastest,oracle_exposure_fastest,oracle_exposure_oracle_optimal,decision_regret,oracle_optimal_agreement
od_01,motorbike,0.0,0.0,8.230305959783891,1,0,motorbike-1,motorbike-1,motorbike-1,8.230305959783891,0.0,213.6685357961483,263.2909483026875,0.0,0.0,263.2909483026875,263.2909483026875,0.0,True
od_01,motorbike,1.0,0.12150216588378905,9.230305959783891,2,1,motorbike-1,motorbike-1,motorbike-1,8.230305959783891,0.0,213.6685357961483,263.2909483026875,0.0,0.0,263.2909483026875,263.2909483026875,0.0,True
od_01,motorbike,2.0,0.2430043317675781,10.230305959783891,2,1,motorbike-1,motorbike-1,motorbike-1,8.230305959783891,0.0,213.6685357961483,263.2909483026875,0.0,0.0,263.2909483026875,263.2909483026875,0.0,True
od_01,motorbike,3.0,0.36450649765136717,11.230305959783891,3,2,motorbike-1,motorbike-1,motorbike-1,8.230305959783891,0.0,213.6685357961483,263.2909483026875,0.0,0.0,263.2909483026875,263.2909483026875,0.0,True
od_01,motorbike,5.0,0.6075108294189453,13.230305959783891,6,5,motorbike-1,motorbike-1,motorbike-1,8.230305959783891,0.0,213.6685357961483,263.2909483026875,0.0,0.0,263.2909483026875,263.2909483026875,0.0,True
od_01,motorbike,10.0,1.2150216588378906,18.23030595978389,7,6,motorbike-1,motorbike-1,motorbike-1,8.230305959783891,0.0,213.6685357961483,263.2909483026875,0.0,0.0,263.2909483026875,263.2909483026875,0.0,True
od_01,walking,0.0,0.0,40.00596776846269,1,0,walking-1,walking-1,walking-1,40.00596776846269,0.0,1038.3449915903266,1280.4043283028204,0.0,0.0,1280.4043283028204,1280.4043283028204,0.0,True
od_01,walking,1.0,0.02499627070110063,41.00596776846269,3,2,walking-1,walking-1,walking-1,40.00596776846269,0.0,1038.3449915903266,1280.4043283028204,0.0,0.0,1280.4043283028204,1280.4043283028204,0.0,True
od_01,walking,2.0,0.04999254140220126,42.00596776846269,4,3,walking-1,walking-1,walking-1,40.00596776846269,0.0,1038.3449915903266,1280.4043283028204,0.0,0.0,1280.4043283028204,1280.4043283028204,0.0,True
od_01,walking,3.0,0.07498881210330188,43.00596776846269,4,3,walking-1,walking-1,walking-1,40.00596776846269,0.0,1038.3449915903266,1280.4043283028204,0.0,0.0,1280.4043283028204,1280.4043283028204,0.0,True
od_01,walking,5.0,0.12498135350550314,45.00596776846269,4,3,walking-1,walking-1,walking-1,40.00596776846269,0.0,1038.3449915903266,1280.4043283028204,0.0,0.0,1280.4043283028204,1280.4043283028204,0.0,True
od_01,walking,10.0,0.24996270701100629,50.00596776846269,6,5,walking-1,walking-1,walking-1,40.00596776846269,0.0,1038.3449915903266,1280.4043283028204,0.0,0.0,1280.4043283028204,1280.4043283028204,0.0,True
od_02,motorbike,0.0,0.0,9.67481945603514,1,0,motorbike-1,motorbike-1,motorbike-1,9.67481945603514,0.0,259.8268956128702,380.0621783417512,0.0,0.0,380.0621783417512,380.0621783417512,0.0,True
od_02,motorbike,1.0,0.10336110193520989,10.67481945603514,3,2,motorbike-1,motorbike-1,motorbike-1,9.67481945603514,0.0,259.8268956128702,380.0621783417512,0.0,0.0,380.0621783417512,380.0621783417512,0.0,True
od_02,motorbike,2.0,0.20672220387041979,11.67481945603514,5,4,motorbike-1,motorbike-1,motorbike-1,9.67481945603514,0.0,259.8268956128702,380.0621783417512,0.0,0.0,380.0621783417512,380.0621783417512,0.0,True
od_02,motorbike,3.0,0.3100833058056297,12.67481945603514,6,5,motorbike-1,motorbike-1,motorbike-1,9.67481945603514,0.0,259.8268956128702,380.0621783417512,0.0,0.0,380.0621783417512,380.0621783417512,0.0,True
od_02,motorbike,5.0,0.5168055096760494,14.67481945603514,7,6,motorbike-1,motorbike-1,motorbike-1,9.67481945603514,0.0,259.8268956128702,380.0621783417512,0.0,0.0,380.0621783417512,380.0621783417512,0.0,True
od_02,motorbike,10.0,1.0336110193520989,19.674819456035138,8,7,motorbike-1,motorbike-1,motorbike-1,9.67481945603514,0.0,259.8268956128702,380.0621783417512,0.0,0.0,380.0621783417512,380.0621783417512,0.0,True
od_02,walking,0.0,0.0,48.3740972801757,1,0,walking-1,walking-1,walking-1,48.3740972801757,0.0,1299.1344780643517,1900.3108917087563,0.0,0.0,1900.3108917087563,1900.3108917087563,0.0,True
od_02,walking,1.0,0.02067222038704198,49.3740972801757,2,1,walking-1,walking-1,walking-1,48.3740972801757,0.0,1299.1344780643517,1900.3108917087563,0.0,0.0,1900.3108917087563,1900.3108917087563,0.0,True
od_02,walking,2.0,0.04134444077408396,50.3740972801757,3,2,walking-1,walking-1,walking-1,48.3740972801757,0.0,1299.1344780643517,1900.3108917087563,0.0,0.0,1900.3108917087563,1900.3108917087563,0.0,True
od_02,walking,3.0,0.06201666116112594,51.3740972801757,4,3,walking-1,walking-1,walking-1,48.3740972801757,0.0,1299.1344780643517,1900.3108917087563,0.0,0.0,1900.3108917087563,1900.3108917087563,0.0,True
od_02,walking,5.0,0.10336110193520989,53.3740972801757,4,3,walking-1,walking-1,walking-1,48.3740972801757,0.0,1299.1344780643517,1900.3108917087563,0.0,0.0,1900.3108917087563,1900.3108917087563,0.0,True
od_02,walking,10.0,0.20672220387041979,58.3740972801757,6,5,walking-1,walking-1,walking-1,48.3740972801757,0.0,1299.1344780643517,1900.3108917087563,0.0,0.0,1900.3108917087563,1900.3108917087563,0.0,True
od_03,motorbike,0.0,0.0,6.910009956562447,1,0,motorbike-1,motorbike-1,motorbike-1,6.910009956562447,0.0,179.34601691546172,243.18054346018135,0.0,0.0,243.18054346018135,243.18054346018135,0.0,True
od_03,motorbike,1.0,0.14471759176704202,7.910009956562447,3,2,motorbike-1,motorbike-1,motorbike-1,6.910009956562447,0.0,179.34601691546172,243.18054346018135,0.0,0.0,243.18054346018135,243.18054346018135,0.0,True
od_03,motorbike,2.0,0.28943518353408404,8.910009956562448,3,2,motorbike-1,motorbike-1,motorbike-1,6.910009956562447,0.0,179.34601691546172,243.18054346018135,0.0,0.0,243.18054346018135,243.18054346018135,0.0,True
od_03,motorbike,3.0,0.4341527753011261,9.910009956562448,5,4,motorbike-1,motorbike-1,motorbike-1,6.910009956562447,0.0,179.34601691546172,243.18054346018135,0.0,0.0,243.18054346018135,243.18054346018135,0.0,True
od_03,motorbike,5.0,0.7235879588352102,11.910009956562448,7,6,motorbike-1,motorbike-1,motorbike-1,6.910009956562447,0.0,179.34601691546172,243.18054346018135,0.0,0.0,243.18054346018135,243.18054346018135,0.0,True
od_03,motorbike,10.0,1.4471759176704204,16.910009956562448,8,7,motorbike-1,motorbike-1,motorbike-1,6.910009956562447,0.0,179.34601691546172,243.18054346018135,0.0,0.0,243.18054346018135,243.18054346018135,0.0,True
od_03,walking,0.0,0.0,34.422845694421525,1,0,walking-1,walking-1,walking-1,34.422845694421525,0.0,893.4653089473137,1211.7332515188175,0.0,0.0,1211.7332515188175,1211.7332515188175,0.0,True
od_03,walking,1.0,0.02905047446911274,35.422845694421525,2,1,walking-1,walking-1,walking-1,34.422845694421525,0.0,893.4653089473137,1211.7332515188175,0.0,0.0,1211.7332515188175,1211.7332515188175,0.0,True
od_03,walking,2.0,0.05810094893822548,36.422845694421525,3,2,walking-1,walking-1,walking-1,34.422845694421525,0.0,893.4653089473137,1211.7332515188175,0.0,0.0,1211.7332515188175,1211.7332515188175,0.0,True
od_03,walking,3.0,0.08715142340733822,37.422845694421525,3,2,walking-1,walking-1,walking-1,34.422845694421525,0.0,893.4653089473137,1211.7332515188175,0.0,0.0,1211.7332515188175,1211.7332515188175,0.0,True
od_03,walking,5.0,0.1452523723455637,39.422845694421525,3,2,walking-1,walking-1,walking-1,34.422845694421525,0.0,893.4653089473137,1211.7332515188175,0.0,0.0,1211.7332515188175,1211.7332515188175,0.0,True
od_03,walking,10.0,0.2905047446911274,44.422845694421525,6,5,walking-1,walking-1,walking-1,34.422845694421525,0.0,893.4653089473137,1211.7332515188175,0.0,0.0,1211.7332515188175,1211.7332515188175,0.0,True
od_04,motorbike,0.0,0.0,13.275882583129041,1,0,motorbike-1,motorbike-1,motorbike-1,13.275882583129041,0.0,347.2539257313144,524.756402702522,0.0,0.0,524.756402702522,524.756402702522,0.0,True
od_04,motorbike,1.0,0.07532455893145647,14.275882583129041,3,2,motorbike-1,motorbike-1,motorbike-1,13.275882583129041,0.0,347.2539257313144,524.756402702522,0.0,0.0,524.756402702522,524.756402702522,0.0,True
od_04,motorbike,2.0,0.15064911786291293,15.275882583129041,3,2,motorbike-1,motorbike-1,motorbike-1,13.275882583129041,0.0,347.2539257313144,524.756402702522,0.0,0.0,524.756402702522,524.756402702522,0.0,True
od_04,motorbike,3.0,0.22597367679436942,16.27588258312904,4,3,motorbike-1,motorbike-1,motorbike-1,13.275882583129041,0.0,347.2539257313144,524.756402702522,0.0,0.0,524.756402702522,524.756402702522,0.0,True
od_04,motorbike,5.0,0.3766227946572823,18.27588258312904,5,4,motorbike-1,motorbike-1,motorbike-1,13.275882583129041,0.0,347.2539257313144,524.756402702522,0.0,0.0,524.756402702522,524.756402702522,0.0,True
od_04,motorbike,10.0,0.7532455893145646,23.27588258312904,7,6,motorbike-1,motorbike-1,motorbike-1,13.275882583129041,0.0,347.2539257313144,524.756402702522,0.0,0.0,524.756402702522,524.756402702522,0.0,True
od_04,walking,0.0,0.0,66.24586047456621,1,0,walking-1,walking-1,walking-1,66.24586047456621,0.0,1734.6168637377984,2526.171611879433,0.0,0.0,2526.171611879433,2526.171611879433,0.0,True
od_04,walking,1.0,0.015095282827278395,67.24586047456621,4,3,walking-1,walking-1,walking-1,66.24586047456621,0.0,1734.6168637377984,2526.171611879433,0.0,0.0,2526.171611879433,2526.171611879433,0.0,True
od_04,walking,2.0,0.03019056565455679,68.24586047456621,5,4,walking-1,walking-1,walking-1,66.24586047456621,0.0,1734.6168637377984,2526.171611879433,0.0,0.0,2526.171611879433,2526.171611879433,0.0,True
od_04,walking,3.0,0.045285848481835186,69.24586047456621,5,4,walking-1,walking-1,walking-1,66.24586047456621,0.0,1734.6168637377984,2526.171611879433,0.0,0.0,2526.171611879433,2526.171611879433,0.0,True
od_04,walking,5.0,0.07547641413639197,71.24586047456621,5,4,walking-1,walking-1,walking-1,66.24586047456621,0.0,1734.6168637377984,2526.171611879433,0.0,0.0,2526.171611879433,2526.171611879433,0.0,True
od_04,walking,10.0,0.15095282827278395,76.24586047456621,6,5,walking-1,walking-1,walking-1,66.24586047456621,0.0,1734.6168637377984,2526.171611879433,0.0,0.0,2526.171611879433,2526.171611879433,0.0,True
od_05,motorbike,0.0,0.0,15.468886749491073,1,0,motorbike-1,motorbike-1,motorbike-1,15.468886749491073,0.0,389.6325130292415,538.4203047254263,0.0,0.0,538.4203047254263,538.4203047254263,0.0,True
od_05,motorbike,1.0,0.0646458931527765,16.468886749491073,2,1,motorbike-1,motorbike-1,motorbike-1,15.468886749491073,0.0,389.6325130292415,538.4203047254263,0.0,0.0,538.4203047254263,538.4203047254263,0.0,True
od_05,motorbike,2.0,0.129291786305553,17.468886749491073,2,1,motorbike-1,motorbike-1,motorbike-1,15.468886749491073,0.0,389.6325130292415,538.4203047254263,0.0,0.0,538.4203047254263,538.4203047254263,0.0,True
od_05,motorbike,3.0,0.1939376794583295,18.468886749491073,3,2,motorbike-1,motorbike-1,motorbike-1,15.468886749491073,0.0,389.6325130292415,538.4203047254263,0.0,0.0,538.4203047254263,538.4203047254263,0.0,True
od_05,motorbike,5.0,0.32322946576388245,20.468886749491073,4,3,motorbike-1,motorbike-1,motorbike-1,15.468886749491073,0.0,389.6325130292415,538.4203047254263,0.0,0.0,538.4203047254263,538.4203047254263,0.0,True
od_05,motorbike,10.0,0.6464589315277649,25.468886749491073,6,5,motorbike-1,motorbike-1,motorbike-1,15.468886749491073,0.0,389.6325130292415,538.4203047254263,0.0,0.0,538.4203047254263,538.4203047254263,0.0,True
od_05,walking,0.0,0.0,79.18940872206731,1,0,walking-1,walking-1,walking-1,79.18940872206731,0.0,2005.071681474288,2533.8510501846745,0.0,0.0,2533.8510501846745,2533.8510501846745,0.0,True
od_05,walking,1.0,0.012627951340181368,80.18940872206731,5,4,walking-1,walking-1,walking-1,79.18940872206731,0.0,2005.071681474288,2533.8510501846745,0.0,0.0,2533.8510501846745,2533.8510501846745,0.0,True
od_05,walking,2.0,0.025255902680362735,81.18940872206731,5,4,walking-1,walking-1,walking-1,79.18940872206731,0.0,2005.071681474288,2533.8510501846745,0.0,0.0,2533.8510501846745,2533.8510501846745,0.0,True
od_05,walking,3.0,0.0378838540205441,82.18940872206731,6,5,walking-1,walking-1,walking-1,79.18940872206731,0.0,2005.071681474288,2533.8510501846745,0.0,0.0,2533.8510501846745,2533.8510501846745,0.0,True
od_05,walking,5.0,0.06313975670090684,84.18940872206731,6,5,walking-1,walking-1,walking-1,79.18940872206731,0.0,2005.071681474288,2533.8510501846745,0.0,0.0,2533.8510501846745,2533.8510501846745,0.0,True
od_05,walking,10.0,0.12627951340181368,89.18940872206731,7,6,walking-1,walking-1,walking-1,79.18940872206731,0.0,2005.071681474288,2533.8510501846745,0.0,0.0,2533.8510501846745,2533.8510501846745,0.0,True
od_06,motorbike,0.0,0.0,8.795778104253094,1,0,motorbike-1,motorbike-1,motorbike-1,8.795778104253094,0.0,227.76683363333711,289.96369112562195,0.0,0.0,289.96369112562195,289.96369112562195,0.0,True
od_06,motorbike,1.0,0.11369090808651278,9.795778104253094,3,2,motorbike-1,motorbike-1,motorbike-1,8.795778104253094,0.0,227.76683363333711,289.96369112562195,0.0,0.0,289.96369112562195,289.96369112562195,0.0,True
od_06,motorbike,2.0,0.22738181617302555,10.795778104253094,3,2,motorbike-1,motorbike-1,motorbike-1,8.795778104253094,0.0,227.76683363333711,289.96369112562195,0.0,0.0,289.96369112562195,289.96369112562195,0.0,True
od_06,motorbike,3.0,0.34107272425953833,11.795778104253094,5,4,motorbike-1,motorbike-1,motorbike-1,8.795778104253094,0.0,227.76683363333711,289.96369112562195,0.0,0.0,289.96369112562195,289.96369112562195,0.0,True
od_06,motorbike,5.0,0.5684545404325638,13.795778104253094,6,5,motorbike-1,motorbike-1,motorbike-1,8.795778104253094,0.0,227.76683363333711,289.96369112562195,0.0,0.0,289.96369112562195,289.96369112562195,0.0,True
od_06,motorbike,10.0,1.1369090808651277,18.795778104253095,8,7,motorbike-1,motorbike-1,motorbike-1,8.795778104253094,0.0,227.76683363333711,289.96369112562195,0.0,0.0,289.96369112562195,289.96369112562195,0.0,True
od_06,walking,0.0,0.0,42.44838227513487,1,0,walking-1,walking-1,walking-1,42.44838227513487,0.0,1099.3491177612561,1399.9233710108867,0.0,0.0,1399.9233710108867,1399.9233710108867,0.0,True
od_06,walking,1.0,0.023558023802140827,43.44838227513487,4,3,walking-1,walking-1,walking-1,42.44838227513487,0.0,1099.3491177612561,1399.9233710108867,0.0,0.0,1399.9233710108867,1399.9233710108867,0.0,True
od_06,walking,2.0,0.047116047604281654,44.44838227513487,5,4,walking-1,walking-1,walking-1,42.44838227513487,0.0,1099.3491177612561,1399.9233710108867,0.0,0.0,1399.9233710108867,1399.9233710108867,0.0,True
od_06,walking,3.0,0.07067407140642248,45.44838227513487,5,4,walking-1,walking-1,walking-1,42.44838227513487,0.0,1099.3491177612561,1399.9233710108867,0.0,0.0,1399.9233710108867,1399.9233710108867,0.0,True
od_06,walking,5.0,0.11779011901070413,47.44838227513487,6,5,walking-1,walking-1,walking-1,42.44838227513487,0.0,1099.3491177612561,1399.9233710108867,0.0,0.0,1399.9233710108867,1399.9233710108867,0.0,True
od_06,walking,10.0,0.23558023802140826,52.44838227513487,7,6,walking-1,walking-1,walking-1,42.44838227513487,0.0,1099.3491177612561,1399.9233710108867,0.0,0.0,1399.9233710108867,1399.9233710108867,0.0,True
od_07,motorbike,0.0,0.0,8.70687690002884,1,0,motorbike-1,motorbike-1,motorbike-1,8.70687690002884,0.0,231.8400543718206,316.707051850389,0.0,0.0,316.707051850389,316.707051850389,0.0,True
od_07,motorbike,1.0,0.1148517443719329,9.70687690002884,3,2,motorbike-1,motorbike-1,motorbike-1,8.70687690002884,0.0,231.8400543718206,316.707051850389,0.0,0.0,316.707051850389,316.707051850389,0.0,True
od_07,motorbike,2.0,0.2297034887438658,10.70687690002884,4,3,motorbike-1,motorbike-1,motorbike-1,8.70687690002884,0.0,231.8400543718206,316.707051850389,0.0,0.0,316.707051850389,316.707051850389,0.0,True
od_07,motorbike,3.0,0.3445552331157987,11.70687690002884,4,3,motorbike-1,motorbike-1,motorbike-1,8.70687690002884,0.0,231.8400543718206,316.707051850389,0.0,0.0,316.707051850389,316.707051850389,0.0,True
od_07,motorbike,5.0,0.5742587218596645,13.70687690002884,6,5,motorbike-1,motorbike-1,motorbike-1,8.70687690002884,0.0,231.8400543718206,316.707051850389,0.0,0.0,316.707051850389,316.707051850389,0.0,True
od_07,motorbike,10.0,1.148517443719329,18.70687690002884,8,7,motorbike-1,motorbike-1,motorbike-1,8.70687690002884,0.0,231.8400543718206,316.707051850389,0.0,0.0,316.707051850389,316.707051850389,0.0,True
od_07,walking,0.0,0.0,36.12094162904502,1,0,walking-1,walking-1,walking-1,36.12094162904502,0.0,963.5440247405447,1322.4744643795232,0.0,0.0,1322.4744643795232,1322.4744643795232,0.0,True
od_07,walking,1.0,0.0276847710746249,37.12094162904502,4,3,walking-1,walking-1,walking-1,36.12094162904502,0.0,963.5440247405447,1322.4744643795232,0.0,0.0,1322.4744643795232,1322.4744643795232,0.0,True
od_07,walking,2.0,0.0553695421492498,38.12094162904502,4,3,walking-1,walking-1,walking-1,36.12094162904502,0.0,963.5440247405447,1322.4744643795232,0.0,0.0,1322.4744643795232,1322.4744643795232,0.0,True
od_07,walking,3.0,0.0830543132238747,39.12094162904502,4,3,walking-1,walking-1,walking-1,36.12094162904502,0.0,963.5440247405447,1322.4744643795232,0.0,0.0,1322.4744643795232,1322.4744643795232,0.0,True
od_07,walking,5.0,0.1384238553731245,41.12094162904502,4,3,walking-1,walking-1,walking-1,36.12094162904502,0.0,963.5440247405447,1322.4744643795232,0.0,0.0,1322.4744643795232,1322.4744643795232,0.0,True
od_07,walking,10.0,0.276847710746249,46.12094162904502,4,3,walking-1,walking-1,walking-1,36.12094162904502,0.0,963.5440247405447,1322.4744643795232,0.0,0.0,1322.4744643795232,1322.4744643795232,0.0,True
od_08,motorbike,0.0,0.0,16.700945583245588,1,0,motorbike-1,motorbike-1,motorbike-1,16.700945583245588,0.0,429.6715313640514,539.4089466786367,0.0,0.0,539.4089466786367,539.4089466786367,0.0,True
od_08,motorbike,1.0,0.059876849188898705,17.700945583245588,2,1,motorbike-1,motorbike-1,motorbike-1,16.700945583245588,0.0,429.6715313640514,539.4089466786367,0.0,0.0,539.4089466786367,539.4089466786367,0.0,True
od_08,motorbike,2.0,0.11975369837779741,18.700945583245588,4,3,motorbike-1,motorbike-1,motorbike-1,16.700945583245588,0.0,429.6715313640514,539.4089466786367,0.0,0.0,539.4089466786367,539.4089466786367,0.0,True
od_08,motorbike,3.0,0.1796305475666961,19.700945583245588,4,3,motorbike-1,motorbike-1,motorbike-1,16.700945583245588,0.0,429.6715313640514,539.4089466786367,0.0,0.0,539.4089466786367,539.4089466786367,0.0,True
od_08,motorbike,5.0,0.29938424594449353,21.700945583245588,6,5,motorbike-1,motorbike-1,motorbike-1,16.700945583245588,0.0,429.6715313640514,539.4089466786367,0.0,0.0,539.4089466786367,539.4089466786367,0.0,True
od_08,motorbike,10.0,0.5987684918889871,26.700945583245588,8,7,motorbike-1,motorbike-1,motorbike-1,16.700945583245588,0.0,429.6715313640514,539.4089466786367,0.0,0.0,539.4089466786367,539.4089466786367,0.0,True
od_08,walking,0.0,0.0,82.44427460179587,1,0,walking-1,walking-1,walking-1,82.44427460179587,0.0,2122.3686317194865,2536.0399494045337,0.0,0.0,2536.0399494045337,2536.0399494045337,0.0,True
od_08,walking,1.0,0.012129405041526282,83.44427460179587,3,2,walking-1,walking-1,walking-1,82.44427460179587,0.0,2122.3686317194865,2536.0399494045337,0.0,0.0,2536.0399494045337,2536.0399494045337,0.0,True
od_08,walking,2.0,0.024258810083052564,84.44427460179587,3,2,walking-1,walking-1,walking-1,82.44427460179587,0.0,2122.3686317194865,2536.0399494045337,0.0,0.0,2536.0399494045337,2536.0399494045337,0.0,True
od_08,walking,3.0,0.03638821512457885,85.44427460179587,4,3,walking-1,walking-1,walking-1,82.44427460179587,0.0,2122.3686317194865,2536.0399494045337,0.0,0.0,2536.0399494045337,2536.0399494045337,0.0,True
od_08,walking,5.0,0.06064702520763141,87.44427460179587,5,4,walking-1,walking-1,walking-1,82.44427460179587,0.0,2122.3686317194865,2536.0399494045337,0.0,0.0,2536.0399494045337,2536.0399494045337,0.0,True
od_08,walking,10.0,0.12129405041526282,92.44427460179587,6,5,walking-1,walking-1,walking-1,82.44427460179587,0.0,2122.3686317194865,2536.0399494045337,0.0,0.0,2536.0399494045337,2536.0399494045337,0.0,True
od_09,motorbike,0.0,0.0,9.921896735442521,1,0,motorbike-1,motorbike-1,motorbike-1,9.921896735442521,0.0,227.65398072470325,257.2031686150781,0.0,0.0,257.2031686150781,257.2031686150781,0.0,True
od_09,motorbike,1.0,0.10078718078448128,10.921896735442521,2,1,motorbike-1,motorbike-1,motorbike-1,9.921896735442521,0.0,227.65398072470325,257.2031686150781,0.0,0.0,257.2031686150781,257.2031686150781,0.0,True
od_09,motorbike,2.0,0.20157436156896255,11.921896735442521,3,2,motorbike-1,motorbike-1,motorbike-1,9.921896735442521,0.0,227.65398072470325,257.2031686150781,0.0,0.0,257.2031686150781,257.2031686150781,0.0,True
od_09,motorbike,3.0,0.3023615423534438,12.921896735442521,4,3,motorbike-1,motorbike-1,motorbike-1,9.921896735442521,0.0,227.65398072470325,257.2031686150781,0.0,0.0,257.2031686150781,257.2031686150781,0.0,True
od_09,motorbike,5.0,0.5039359039224064,14.921896735442521,5,4,motorbike-1,motorbike-1,motorbike-1,9.921896735442521,0.0,227.65398072470325,257.2031686150781,0.0,0.0,257.2031686150781,257.2031686150781,0.0,True
od_09,motorbike,10.0,1.0078718078448128,19.921896735442523,7,6,motorbike-1,motorbike-1,motorbike-1,9.921896735442521,0.0,227.65398072470325,257.2031686150781,0.0,0.0,257.2031686150781,257.2031686150781,0.0,True
od_09,walking,0.0,0.0,44.57985461725738,1,0,walking-1,walking-1,walking-1,44.57985461725738,0.0,1004.3434054282648,1115.931158650744,0.0,0.0,1115.931158650744,1115.931158650744,0.0,True
od_09,walking,1.0,0.022431656823144693,45.57985461725738,3,2,walking-1,walking-1,walking-1,44.57985461725738,0.0,1004.3434054282648,1115.931158650744,0.0,0.0,1115.931158650744,1115.931158650744,0.0,True
od_09,walking,2.0,0.044863313646289385,46.57985461725738,3,2,walking-1,walking-1,walking-1,44.57985461725738,0.0,1004.3434054282648,1115.931158650744,0.0,0.0,1115.931158650744,1115.931158650744,0.0,True
od_09,walking,3.0,0.06729497046943408,47.57985461725738,3,2,walking-1,walking-1,walking-1,44.57985461725738,0.0,1004.3434054282648,1115.931158650744,0.0,0.0,1115.931158650744,1115.931158650744,0.0,True
od_09,walking,5.0,0.11215828411572347,49.57985461725738,4,3,walking-1,walking-1,walking-1,44.57985461725738,0.0,1004.3434054282648,1115.931158650744,0.0,0.0,1115.931158650744,1115.931158650744,0.0,True
od_09,walking,10.0,0.22431656823144694,54.57985461725738,6,5,walking-1,walking-1,walking-1,44.57985461725738,0.0,1004.3434054282648,1115.931158650744,0.0,0.0,1115.931158650744,1115.931158650744,0.0,True
od_10,motorbike,0.0,0.0,10.045650330099813,1,0,motorbike-1,motorbike-1,motorbike-1,10.045650330099813,0.0,265.26484096987997,371.1718338540861,0.0,0.0,371.1718338540861,371.1718338540861,0.0,True
od_10,motorbike,1.0,0.09954557118155874,11.045650330099813,2,1,motorbike-1,motorbike-1,motorbike-1,10.045650330099813,0.0,265.26484096987997,371.1718338540861,0.0,0.0,371.1718338540861,371.1718338540861,0.0,True
od_10,motorbike,2.0,0.19909114236311748,12.045650330099813,3,2,motorbike-1,motorbike-1,motorbike-1,10.045650330099813,0.0,265.26484096987997,371.1718338540861,0.0,0.0,371.1718338540861,371.1718338540861,0.0,True
od_10,motorbike,3.0,0.29863671354467625,13.045650330099813,4,3,motorbike-1,motorbike-1,motorbike-1,10.045650330099813,0.0,265.26484096987997,371.1718338540861,0.0,0.0,371.1718338540861,371.1718338540861,0.0,True
od_10,motorbike,5.0,0.4977278559077937,15.045650330099813,8,7,motorbike-1,motorbike-1,motorbike-1,10.045650330099813,0.0,265.26484096987997,371.1718338540861,0.0,0.0,371.1718338540861,371.1718338540861,0.0,True
od_10,motorbike,10.0,0.9954557118155875,20.04565033009981,8,7,motorbike-1,motorbike-1,motorbike-1,10.045650330099813,0.0,265.26484096987997,371.1718338540861,0.0,0.0,371.1718338540861,371.1718338540861,0.0,True
od_10,walking,0.0,0.0,50.22825165049906,1,0,walking-1,walking-1,walking-1,50.22825165049906,0.0,1326.3242048494005,1855.8591692704306,0.0,0.0,1855.8591692704306,1855.8591692704306,0.0,True
od_10,walking,1.0,0.01990911423631175,51.22825165049906,4,3,walking-1,walking-1,walking-1,50.22825165049906,0.0,1326.3242048494005,1855.8591692704306,0.0,0.0,1855.8591692704306,1855.8591692704306,0.0,True
od_10,walking,2.0,0.0398182284726235,52.22825165049906,4,3,walking-1,walking-1,walking-1,50.22825165049906,0.0,1326.3242048494005,1855.8591692704306,0.0,0.0,1855.8591692704306,1855.8591692704306,0.0,True
od_10,walking,3.0,0.05972734270893525,53.22825165049906,6,5,walking-1,walking-1,walking-1,50.22825165049906,0.0,1326.3242048494005,1855.8591692704306,0.0,0.0,1855.8591692704306,1855.8591692704306,0.0,True
od_10,walking,5.0,0.09954557118155875,55.22825165049906,6,5,walking-1,walking-1,walking-1,50.22825165049906,0.0,1326.3242048494005,1855.8591692704306,0.0,0.0,1855.8591692704306,1855.8591692704306,0.0,True
od_10,walking,10.0,0.1990911423631175,60.22825165049906,7,6,walking-1,walking-1,walking-1,50.22825165049906,0.0,1326.3242048494005,1855.8591692704306,0.0,0.0,1855.8591692704306,1855.8591692704306,0.0,True
