scenario_id,mode,delta_time_allowed_minutes,epsilon_internal,maximum_feasible_time_minutes,route_id,rank,route_type,travel_time_minutes,additional_time_vs_fastest_minutes,distance_m,predicted_exposure_index,predicted_exposure_reduction_vs_fastest,oracle_exposure_index,oracle_exposure_reduction_vs_fastest,segment_count,edge_jaccard_with_fastest,edge_difference_fraction_from_fastest,available_feasible_alternatives,requested_alternative_count,fewer_than_requested_alternatives
od_01,motorbike,0.0,0.0,8.230305959783891,motorbike-1,0,fastest,8.230305959783891,0.0,3429.2941499099547,213.6685357961483,0.0,263.2909483026875,0.0,119,1.0,0.0,0,3,True
od_01,motorbike,1.0,0.12150216588378905,9.230305959783891,motorbike-1,0,fastest,8.230305959783891,0.0,3429.2941499099547,213.6685357961483,0.0,263.2909483026875,0.0,119,1.0,0.0,1,3,True
od_01,motorbike,1.0,0.12150216588378905,9.230305959783891,motorbike-2,1,AIRPATH alternative,8.92930841311684,0.6990024533329482,3720.5451721320164,233.6109064012656,-19.942370605117304,289.10199771190673,-25.81104940921921,139,0.011764705882352941,0.9882352941176471,1,3,True
od_01,motorbike,2.0,0.2430043317675781,10.230305959783891,motorbike-1,0,fastest,8.230305959783891,0.0,3429.2941499099547,213.6685357961483,0.0,263.2909483026875,0.0,119,1.0,0.0,1,3,True
od_01,motorbike,2.0,0.2430043317675781,10.230305959783891,motorbike-2,1,AIRPATH alternative,8.92930841311684,0.6990024533329482,3720.5451721320164,233.6109064012656,-19.942370605117304,289.10199771190673,-25.81104940921921,139,0.011764705882352941,0.9882352941176471,1,3,True
od_01,motorbike,3.0,0.36450649765136717,11.230305959783891,motorbike-1,0,fastest,8.230305959783891,0.0,3429.2941499099547,213.6685357961483,0.0,263.2909483026875,0.0,119,1.0,0.0,2,3,True
od_01,motorbike,3.0,0.36450649765136717,11.230305959783891,motorbike-2,1,AIRPATH alternative,8.92930841311684,0.6990024533329482,3720.5451721320164,233.6109064012656,-19.942370605117304,289.10199771190673,-25.81104940921921,139,0.011764705882352941,0.9882352941176471,2,3,True
od_01,motorbike,3.0,0.36450649765136717,11.230305959783891,motorbike-3,2,AIRPATH alternative,10.483228146866388,2.252922187082497,4368.011727860995,269.74956897313945,-56.081033176991156,330.71607282130464,-67.42512451861711,203,0.07692307692307693,0.9230769230769231,2,3,True
od_01,motorbike,5.0,0.6075108294189453,13.230305959783891,motorbike-1,0,fastest,8.230305959783891,0.0,3429.2941499099547,213.6685357961483,0.0,263.2909483026875,0.0,119,1.0,0.0,5,3,False
od_01,motorbike,5.0,0.6075108294189453,13.230305959783891,motorbike-2,1,AIRPATH alternative,8.92930841311684,0.6990024533329482,3720.5451721320164,233.6109064012656,-19.942370605117304,289.10199771190673,-25.81104940921921,139,0.011764705882352941,0.9882352941176471,5,3,False
od_01,motorbike,5.0,0.6075108294189453,13.230305959783891,motorbike-3,2,AIRPATH alternative,10.483228146866388,2.252922187082497,4368.011727860995,269.74956897313945,-56.081033176991156,330.71607282130464,-67.42512451861711,203,0.07692307692307693,0.9230769230769231,5,3,False
od_01,motorbike,5.0,0.6075108294189453,13.230305959783891,motorbike-5,3,AIRPATH alternative,11.71986992059877,3.4895639608148787,4883.279133582821,300.26261094086686,-86.59407514471857,366.8460023055001,-103.5550540028126,218,0.012012012012012012,0.987987987987988,5,3,False
od_01,motorbike,10.0,1.2150216588378906,18.23030595978389,motorbike-1,0,fastest,8.230305959783891,0.0,3429.2941499099547,213.6685357961483,0.0,263.2909483026875,0.0,119,1.0,0.0,6,3,False
od_01,motorbike,10.0,1.2150216588378906,18.23030595978389,motorbike-2,1,AIRPATH alternative,8.92930841311684,0.6990024533329482,3720.5451721320164,233.6109064012656,-19.942370605117304,289.10199771190673,-25.81104940921921,139,0.011764705882352941,0.9882352941176471,6,3,False
od_01,motorbike,10.0,1.2150216588378906,18.23030595978389,motorbike-3,2,AIRPATH alternative,10.483228146866388,2.252922187082497,4368.011727860995,269.74956897313945,-56.081033176991156,330.71607282130464,-67.42512451861711,203,0.07692307692307693,0.9230769230769231,6,3,False
od_01,motorbike,10.0,1.2150216588378906,18.23030595978389,motorbike-5,3,AIRPATH alternative,11.71986992059877,3.4895639608148787,4883.279133582821,300.26261094086686,-86.59407514471857,366.8460023055001,-103.5550540028126,218,0.012012012012012012,0.987987987987988,6,3,False
od_01,walking,0.0,0.0,40.00596776846269,walking-1,0,fastest,40.00596776846269,0.0,3333.8306473718903,1038.3449915903266,0.0,1280.4043283028204,0.0,111,1.0,0.0,0,3,True
od_01,walking,1.0,0.02499627070110063,41.00596776846269,walking-1,0,fastest,40.00596776846269,0.0,3333.8306473718903,1038.3449915903266,0.0,1280.4043283028204,0.0,111,1.0,0.0,2,3,True
od_01,walking,1.0,0.02499627070110063,41.00596776846269,walking-7,1,AIRPATH alternative,40.01852674613926,0.012558977676569327,3334.877228844938,1038.6694292986172,-0.3244377082905885,1280.8036211197395,-0.39929281691911456,111,0.9473684210526315,0.052631578947368474,2,3,True
od_01,walking,1.0,0.02499627070110063,41.00596776846269,walking-8,2,AIRPATH alternative,40.04640202946059,0.040434260997898264,3337.200169121715,1039.3879739437734,-1.0429823534468596,1281.6627742031692,-1.258445900348761,114,0.9565217391304348,0.04347826086956519,2,3,True
od_01,walking,2.0,0.04999254140220126,42.00596776846269,walking-1,0,fastest,40.00596776846269,0.0,3333.8306473718903,1038.3449915903266,0.0,1280.4043283028204,0.0,111,1.0,0.0,3,3,False
od_01,walking,2.0,0.04999254140220126,42.00596776846269,walking-7,1,AIRPATH alternative,40.01852674613926,0.012558977676569327,3334.877228844938,1038.6694292986172,-0.3244377082905885,1280.8036211197395,-0.39929281691911456,111,0.9473684210526315,0.052631578947368474,3,3,False
od_01,walking,2.0,0.04999254140220126,42.00596776846269,walking-8,2,AIRPATH alternative,40.04640202946059,0.040434260997898264,3337.200169121715,1039.3879739437734,-1.0429823534468596,1281.6627742031692,-1.258445900348761,114,0.9565217391304348,0.04347826086956519,3,3,False
od_01,walking,2.0,0.04999254140220126,42.00596776846269,walking-2,3,AIRPATH alternative,41.55388342954054,1.5479156610778517,3462.8236191283786,1082.0985558726827,-43.75356428235614,1338.0800561695849,-57.67572786676442,105,0.014084507042253521,0.9859154929577465,3,3,False
od_01,walking,3.0,0.07498881210330188,43.00596776846269,walking-1,0,fastest,40.00596776846269,0.0,3333.8306473718903,1038.3449915903266,0.0,1280.4043283028204,0.0,111,1.0,0.0,3,3,False
od_01,walking,3.0,0.07498881210330188,43.00596776846269,walking-7,1,AIRPATH alternative,40.01852674613926,0.012558977676569327,3334.877228844938,1038.6694292986172,-0.3244377082905885,1280.8036211197395,-0.39929281691911456,111,0.9473684210526315,0.052631578947368474,3,3,False
od_01,walking,3.0,0.07498881210330188,43.00596776846269,walking-8,2,AIRPATH alternative,40.04640202946059,0.040434260997898264,3337.200169121715,1039.3879739437734,-1.0429823534468596,1281.6627742031692,-1.258445900348761,114,0.9565217391304348,0.04347826086956519,3,3,False
od_01,walking,3.0,0.07498881210330188,43.00596776846269,walking-2,3,AIRPATH alternative,41.55388342954054,1.5479156610778517,3462.8236191283786,1082.0985558726827,-43.75356428235614,1338.0800561695849,-57.67572786676442,105,0.014084507042253521,0.9859154929577465,3,3,False
od_01,walking,5.0,0.12498135350550314,45.00596776846269,walking-1,0,fastest,40.00596776846269,0.0,3333.8306473718903,1038.3449915903266,0.0,1280.4043283028204,0.0,111,1.0,0.0,3,3,False
od_01,walking,5.0,0.12498135350550314,45.00596776846269,walking-7,1,AIRPATH alternative,40.01852674613926,0.012558977676569327,3334.877228844938,1038.6694292986172,-0.3244377082905885,1280.8036211197395,-0.39929281691911456,111,0.9473684210526315,0.052631578947368474,3,3,False
od_01,walking,5.0,0.12498135350550314,45.00596776846269,walking-8,2,AIRPATH alternative,40.04640202946059,0.040434260997898264,3337.200169121715,1039.3879739437734,-1.0429823534468596,1281.6627742031692,-1.258445900348761,114,0.9565217391304348,0.04347826086956519,3,3,False
od_01,walking,5.0,0.12498135350550314,45.00596776846269,walking-2,3,AIRPATH alternative,41.55388342954054,1.5479156610778517,3462.8236191283786,1082.0985558726827,-43.75356428235614,1338.0800561695849,-57.67572786676442,105,0.014084507042253521,0.9859154929577465,3,3,False
od_01,walking,10.0,0.24996270701100629,50.00596776846269,walking-1,0,fastest,40.00596776846269,0.0,3333.8306473718903,1038.3449915903266,0.0,1280.4043283028204,0.0,111,1.0,0.0,5,3,False
od_01,walking,10.0,0.24996270701100629,50.00596776846269,walking-7,1,AIRPATH alternative,40.01852674613926,0.012558977676569327,3334.877228844938,1038.6694292986172,-0.3244377082905885,1280.8036211197395,-0.39929281691911456,111,0.9473684210526315,0.052631578947368474,5,3,False
od_01,walking,10.0,0.24996270701100629,50.00596776846269,walking-8,2,AIRPATH alternative,40.04640202946059,0.040434260997898264,3337.200169121715,1039.3879739437734,-1.0429823534468596,1281.6627742031692,-1.258445900348761,114,0.9565217391304348,0.04347826086956519,5,3,False
od_01,walking,10.0,0.24996270701100629,50.00596776846269,walking-2,3,AIRPATH alternative,41.55388342954054,1.5479156610778517,3462.8236191283786,1082.0985558726827,-43.75356428235614,1338.0800561695849,-57.67572786676442,105,0.014084507042253521,0.9859154929577465,5,3,False
od_02,motorbike,0.0,0.0,9.67481945603514,motorbike-1,0,fastest,9.67481945603514,0.0,4031.1747733479747,259.8268956128702,0.0,380.0621783417512,0.0,136,1.0,0.0,0,3,True
od_02,motorbike,1.0,0.10336110193520989,10.67481945603514,motorbike-1,0,fastest,9.67481945603514,0.0,4031.1747733479747,259.8268956128702,0.0,380.0621783417512,0.0,136,1.0,0.0,2,3,True
od_02,motorbike,1.0,0.10336110193520989,10.67481945603514,motorbike-2,1,AIRPATH alternative,10.031196680964728,0.356377224929588,4179.665283735303,265.98534918872014,-6.158453575849933,380.3315013642348,-0.2693230224836043,132,0.03076923076923077,0.9692307692307692,2,3,True
od_02,motorbike,1.0,0.10336110193520989,10.67481945603514,motorbike-3,2,AIRPATH alternative,10.094824986450568,0.42000553041542865,4206.177077687737,270.11587051941615,-10.288974906545945,392.62354965045955,-12.561371308708374,116,0.05,0.95,2,3,True
od_02,motorbike,2.0,0.20672220387041979,11.67481945603514,motorbike-1,0,fastest,9.67481945603514,0.0,4031.1747733479747,259.8268956128702,0.0,380.0621783417512,0.0,136,1.0,0.0,4,3,False
od_02,motorbike,2.0,0.20672220387041979,11.67481945603514,motorbike-2,1,AIRPATH alternative,10.031196680964728,0.356377224929588,4179.665283735303,265.98534918872014,-6.158453575849933,380.3315013642348,-0.2693230224836043,132,0.03076923076923077,0.9692307692307692,4,3,False
od_02,motorbike,2.0,0.20672220387041979,11.67481945603514,motorbike-3,2,AIRPATH alternative,10.094824986450568,0.42000553041542865,4206.177077687737,270.11587051941615,-10.288974906545945,392.62354965045955,-12.561371308708374,116,0.05,0.95,4,3,False
od_02,motorbike,2.0,0.20672220387041979,11.67481945603514,motorbike-4,3,AIRPATH alternative,11.190847082150698,1.5160276261155587,4662.852950896125,297.08905132263067,-37.262155709760464,427.5111930297252,-47.449014687974,153,0.01048951048951049,0.9895104895104895,4,3,False
od_02,motorbike,3.0,0.3100833058056297,12.67481945603514,motorbike-1,0,fastest,9.67481945603514,0.0,4031.1747733479747,259.8268956128702,0.0,380.0621783417512,0.0,136,1.0,0.0,5,3,False
od_02,motorbike,3.0,0.3100833058056297,12.67481945603514,motorbike-2,1,AIRPATH alternative,10.031196680964728,0.356377224929588,4179.665283735303,265.98534918872014,-6.158453575849933,380.3315013642348,-0.2693230224836043,132,0.03076923076923077,0.9692307692307692,5,3,False
od_02,motorbike,3.0,0.3100833058056297,12.67481945603514,motorbike-3,2,AIRPATH alternative,10.094824986450568,0.42000553041542865,4206.177077687737,270.11587051941615,-10.288974906545945,392.62354965045955,-12.561371308708374,116,0.05,0.95,5,3,False
od_02,motorbike,3.0,0.3100833058056297,12.67481945603514,motorbike-4,3,AIRPATH alternative,11.190847082150698,1.5160276261155587,4662.852950896125,297.08905132263067,-37.262155709760464,427.5111930297252,-47.449014687974,153,0.01048951048951049,0.9895104895104895,5,3,False
od_02,motorbike,5.0,0.5168055096760494,14.67481945603514,motorbike-1,0,fastest,9.67481945603514,0.0,4031.1747733479747,259.8268956128702,0.0,380.0621783417512,0.0,136,1.0,0.0,6,3,False
od_02,motorbike,5.0,0.5168055096760494,14.67481945603514,motorbike-2,1,AIRPATH alternative,10.031196680964728,0.356377224929588,4179.665283735303,265.98534918872014,-6.158453575849933,380.3315013642348,-0.2693230224836043,132,0.03076923076923077,0.9692307692307692,6,3,False
od_02,motorbike,5.0,0.5168055096760494,14.67481945603514,motorbike-3,2,AIRPATH alternative,10.094824986450568,0.42000553041542865,4206.177077687737,270.11587051941615,-10.288974906545945,392.62354965045955,-12.561371308708374,116,0.05,0.95,6,3,False
od_02,motorbike,5.0,0.5168055096760494,14.67481945603514,motorbike-4,3,AIRPATH alternative,11.190847082150698,1.5160276261155587,4662.852950896125,297.08905132263067,-37.262155709760464,427.5111930297252,-47.449014687974,153,0.01048951048951049,0.9895104895104895,6,3,False
od_02,motorbike,10.0,1.0336110193520989,19.674819456035138,motorbike-1,0,fastest,9.67481945603514,0.0,4031.1747733479747,259.8268956128702,0.0,380.0621783417512,0.0,136,1.0,0.0,7,3,False
od_02,motorbike,10.0,1.0336110193520989,19.674819456035138,motorbike-2,1,AIRPATH alternative,10.031196680964728,0.356377224929588,4179.665283735303,265.98534918872014,-6.158453575849933,380.3315013642348,-0.2693230224836043,132,0.03076923076923077,0.9692307692307692,7,3,False
od_02,motorbike,10.0,1.0336110193520989,19.674819456035138,motorbike-3,2,AIRPATH alternative,10.094824986450568,0.42000553041542865,4206.177077687737,270.11587051941615,-10.288974906545945,392.62354965045955,-12.561371308708374,116,0.05,0.95,7,3,False
od_02,motorbike,10.0,1.0336110193520989,19.674819456035138,motorbike-4,3,AIRPATH alternative,11.190847082150698,1.5160276261155587,4662.852950896125,297.08905132263067,-37.262155709760464,427.5111930297252,-47.449014687974,153,0.01048951048951049,0.9895104895104895,7,3,False
od_02,walking,0.0,0.0,48.3740972801757,walking-1,0,fastest,48.3740972801757,0.0,4031.1747733479747,1299.1344780643517,0.0,1900.3108917087563,0.0,136,1.0,0.0,0,3,True
od_02,walking,1.0,0.02067222038704198,49.3740972801757,walking-1,0,fastest,48.3740972801757,0.0,4031.1747733479747,1299.1344780643517,0.0,1900.3108917087563,0.0,136,1.0,0.0,1,3,True
od_02,walking,1.0,0.02067222038704198,49.3740972801757,walking-8,1,AIRPATH alternative,48.39449797506333,0.020400694887634074,4032.874831255277,1300.2477173543784,-1.1132392900267405,1902.9596234434036,-2.648731734647299,134,0.656441717791411,0.34355828220858897,1,3,True
od_02,walking,2.0,0.04134444077408396,50.3740972801757,walking-1,0,fastest,48.3740972801757,0.0,4031.1747733479747,1299.1344780643517,0.0,1900.3108917087563,0.0,136,1.0,0.0,2,3,True
od_02,walking,2.0,0.04134444077408396,50.3740972801757,walking-8,1,AIRPATH alternative,48.39449797506333,0.020400694887634074,4032.874831255277,1300.2477173543784,-1.1132392900267405,1902.9596234434036,-2.648731734647299,134,0.656441717791411,0.34355828220858897,2,3,True
od_02,walking,2.0,0.04134444077408396,50.3740972801757,walking-2,2,AIRPATH alternative,50.15598340482364,1.78188612464794,4179.665283735303,1329.9267459436012,-30.792267879249493,1901.6575068211741,-1.346615112417794,132,0.03076923076923077,0.9692307692307692,2,3,True
od_02,walking,3.0,0.06201666116112594,51.3740972801757,walking-1,0,fastest,48.3740972801757,0.0,4031.1747733479747,1299.1344780643517,0.0,1900.3108917087563,0.0,136,1.0,0.0,3,3,False
od_02,walking,3.0,0.06201666116112594,51.3740972801757,walking-8,1,AIRPATH alternative,48.39449797506333,0.020400694887634074,4032.874831255277,1300.2477173543784,-1.1132392900267405,1902.9596234434036,-2.648731734647299,134,0.656441717791411,0.34355828220858897,3,3,False
od_02,walking,3.0,0.06201666116112594,51.3740972801757,walking-2,2,AIRPATH alternative,50.15598340482364,1.78188612464794,4179.665283735303,1329.9267459436012,-30.792267879249493,1901.6575068211741,-1.346615112417794,132,0.03076923076923077,0.9692307692307692,3,3,False
od_02,walking,3.0,0.06201666116112594,51.3740972801757,walking-3,3,AIRPATH alternative,50.43738448613041,2.0632872059547154,4203.115373844201,1349.609916512167,-50.47543844781535,1961.7213392572155,-61.41044754845916,118,0.049586776859504134,0.9504132231404958,3,3,False
od_02,walking,5.0,0.10336110193520989,53.3740972801757,walking-1,0,fastest,48.3740972801757,0.0,4031.1747733479747,1299.1344780643517,0.0,1900.3108917087563,0.0,136,1.0,0.0,3,3,False
od_02,walking,5.0,0.10336110193520989,53.3740972801757,walking-8,1,AIRPATH alternative,48.39449797506333,0.020400694887634074,4032.874831255277,1300.2477173543784,-1.1132392900267405,1902.9596234434036,-2.648731734647299,134,0.656441717791411,0.34355828220858897,3,3,False
od_02,walking,5.0,0.10336110193520989,53.3740972801757,walking-2,2,AIRPATH alternative,50.15598340482364,1.78188612464794,4179.665283735303,1329.9267459436012,-30.792267879249493,1901.6575068211741,-1.346615112417794,132,0.03076923076923077,0.9692307692307692,3,3,False
od_02,walking,5.0,0.10336110193520989,53.3740972801757,walking-3,3,AIRPATH alternative,50.43738448613041,2.0632872059547154,4203.115373844201,1349.609916512167,-50.47543844781535,1961.7213392572155,-61.41044754845916,118,0.049586776859504134,0.9504132231404958,3,3,False
od_02,walking,10.0,0.20672220387041979,58.3740972801757,walking-1,0,fastest,48.3740972801757,0.0,4031.1747733479747,1299.1344780643517,0.0,1900.3108917087563,0.0,136,1.0,0.0,5,3,False
od_02,walking,10.0,0.20672220387041979,58.3740972801757,walking-8,1,AIRPATH alternative,48.39449797506333,0.020400694887634074,4032.874831255277,1300.2477173543784,-1.1132392900267405,1902.9596234434036,-2.648731734647299,134,0.656441717791411,0.34355828220858897,5,3,False
od_02,walking,10.0,0.20672220387041979,58.3740972801757,walking-2,2,AIRPATH alternative,50.15598340482364,1.78188612464794,4179.665283735303,1329.9267459436012,-30.792267879249493,1901.6575068211741,-1.346615112417794,132,0.03076923076923077,0.9692307692307692,5,3,False
od_02,walking,10.0,0.20672220387041979,58.3740972801757,walking-3,3,AIRPATH alternative,50.43738448613041,2.0632872059547154,4203.115373844201,1349.609916512167,-50.47543844781535,1961.7213392572155,-61.41044754845916,118,0.049586776859504134,0.9504132231404958,5,3,False
od_03,motorbike,0.0,0.0,6.910009956562447,motorbike-1,0,fastest,6.910009956562447,0.0,2879.1708152343526,179.34601691546172,0.0,243.18054346018135,0.0,177,1.0,0.0,0,3,True
od_03,motorbike,1.0,0.14471759176704202,7.910009956562447,motorbike-1,0,fastest,6.910009956562447,0.0,2879.1708152343526,179.34601691546172,0.0,243.18054346018135,0.0,177,1.0,0.0,2,3,True
od_03,motorbike,1.0,0.14471759176704202,7.910009956562447,motorbike-2,1,AIRPATH alternative,7.116120642313948,0.2061106857515016,2965.050267630812,183.7931804631816,-4.447163547719896,255.0607738218652,-11.880230361683857,147,0.0,1.0,2,3,True
od_03,motorbike,1.0,0.14471759176704202,7.910009956562447,motorbike-3,2,AIRPATH alternative,7.291127544071104,0.38111758750865743,3037.969810029627,188.7246964104048,-9.378679494943071,259.0088558246882,-15.828312364506871,132,0.04745762711864407,0.9525423728813559,2,3,True
od_03,motorbike,2.0,0.28943518353408404,8.910009956562448,motorbike-1,0,fastest,6.910009956562447,0.0,2879.1708152343526,179.34601691546172,0.0,243.18054346018135,0.0,177,1.0,0.0,2,3,True
od_03,motorbike,2.0,0.28943518353408404,8.910009956562448,motorbike-2,1,AIRPATH alternative,7.116120642313948,0.2061106857515016,2965.050267630812,183.7931804631816,-4.447163547719896,255.0607738218652,-11.880230361683857,147,0.0,1.0,2,3,True
od_03,motorbike,2.0,0.28943518353408404,8.910009956562448,motorbike-3,2,AIRPATH alternative,7.291127544071104,0.38111758750865743,3037.969810029627,188.7246964104048,-9.378679494943071,259.0088558246882,-15.828312364506871,132,0.04745762711864407,0.9525423728813559,2,3,True
od_03,motorbike,3.0,0.4341527753011261,9.910009956562448,motorbike-1,0,fastest,6.910009956562447,0.0,2879.1708152343526,179.34601691546172,0.0,243.18054346018135,0.0,177,1.0,0.0,4,3,False
od_03,motorbike,3.0,0.4341527753011261,9.910009956562448,motorbike-2,1,AIRPATH alternative,7.116120642313948,0.2061106857515016,2965.050267630812,183.7931804631816,-4.447163547719896,255.0607738218652,-11.880230361683857,147,0.0,1.0,4,3,False
od_03,motorbike,3.0,0.4341527753011261,9.910009956562448,motorbike-3,2,AIRPATH alternative,7.291127544071104,0.38111758750865743,3037.969810029627,188.7246964104048,-9.378679494943071,259.0088558246882,-15.828312364506871,132,0.04745762711864407,0.9525423728813559,4,3,False
od_03,motorbike,3.0,0.4341527753011261,9.910009956562448,motorbike-5,3,AIRPATH alternative,8.934479371762848,2.024469415200401,3722.69973823452,230.85936191084252,-51.513344995380805,317.13584501645977,-73.95530155627841,146,0.015723270440251572,0.9842767295597484,4,3,False
od_03,motorbike,5.0,0.7235879588352102,11.910009956562448,motorbike-1,0,fastest,6.910009956562447,0.0,2879.1708152343526,179.34601691546172,0.0,243.18054346018135,0.0,177,1.0,0.0,6,3,False
od_03,motorbike,5.0,0.7235879588352102,11.910009956562448,motorbike-2,1,AIRPATH alternative,7.116120642313948,0.2061106857515016,2965.050267630812,183.7931804631816,-4.447163547719896,255.0607738218652,-11.880230361683857,147,0.0,1.0,6,3,False
od_03,motorbike,5.0,0.7235879588352102,11.910009956562448,motorbike-3,2,AIRPATH alternative,7.291127544071104,0.38111758750865743,3037.969810029627,188.7246964104048,-9.378679494943071,259.0088558246882,-15.828312364506871,132,0.04745762711864407,0.9525423728813559,6,3,False
od_03,motorbike,5.0,0.7235879588352102,11.910009956562448,motorbike-5,3,AIRPATH alternative,8.934479371762848,2.024469415200401,3722.69973823452,230.85936191084252,-51.513344995380805,317.13584501645977,-73.95530155627841,146,0.015723270440251572,0.9842767295597484,6,3,False
od_03,motorbike,10.0,1.4471759176704204,16.910009956562448,motorbike-1,0,fastest,6.910009956562447,0.0,2879.1708152343526,179.34601691546172,0.0,243.18054346018135,0.0,177,1.0,0.0,7,3,False
od_03,motorbike,10.0,1.4471759176704204,16.910009956562448,motorbike-2,1,AIRPATH alternative,7.116120642313948,0.2061106857515016,2965.050267630812,183.7931804631816,-4.447163547719896,255.0607738218652,-11.880230361683857,147,0.0,1.0,7,3,False
od_03,motorbike,10.0,1.4471759176704204,16.910009956562448,motorbike-3,2,AIRPATH alternative,7.291127544071104,0.38111758750865743,3037.969810029627,188.7246964104048,-9.378679494943071,259.0088558246882,-15.828312364506871,132,0.04745762711864407,0.9525423728813559,7,3,False
od_03,motorbike,10.0,1.4471759176704204,16.910009956562448,motorbike-5,3,AIRPATH alternative,8.934479371762848,2.024469415200401,3722.69973823452,230.85936191084252,-51.513344995380805,317.13584501645977,-73.95530155627841,146,0.015723270440251572,0.9842767295597484,7,3,False
od_03,walking,0.0,0.0,34.422845694421525,walking-1,0,fastest,34.422845694421525,0.0,2868.5704745351272,893.4653089473137,0.0,1211.7332515188175,0.0,187,1.0,0.0,0,3,True
od_03,walking,1.0,0.02905047446911274,35.422845694421525,walking-1,0,fastest,34.422845694421525,0.0,2868.5704745351272,893.4653089473137,0.0,1211.7332515188175,0.0,187,1.0,0.0,1,3,True
od_03,walking,1.0,0.02905047446911274,35.422845694421525,walking-2,1,AIRPATH alternative,35.386219637387526,0.9633739429660011,2948.8516364489606,913.9498344432309,-20.484525495917183,1268.1773322798263,-56.44408076100876,139,0.0,1.0,1,3,True
od_03,walking,2.0,0.05810094893822548,36.422845694421525,walking-1,0,fastest,34.422845694421525,0.0,2868.5704745351272,893.4653089473137,0.0,1211.7332515188175,0.0,187,1.0,0.0,2,3,True
od_03,walking,2.0,0.05810094893822548,36.422845694421525,walking-2,1,AIRPATH alternative,35.386219637387526,0.9633739429660011,2948.8516364489606,913.9498344432309,-20.484525495917183,1268.1773322798263,-56.44408076100876,139,0.0,1.0,2,3,True
od_03,walking,2.0,0.05810094893822548,36.422845694421525,walking-3,2,AIRPATH alternative,36.216969083160066,1.7941233887385408,3018.080756930005,937.5234852654203,-44.058176318106575,1286.6044594981192,-74.87120797930174,126,0.029605263157894735,0.9703947368421053,2,3,True
od_03,walking,3.0,0.08715142340733822,37.422845694421525,walking-1,0,fastest,34.422845694421525,0.0,2868.5704745351272,893.4653089473137,0.0,1211.7332515188175,0.0,187,1.0,0.0,2,3,True
od_03,walking,3.0,0.08715142340733822,37.422845694421525,walking-2,1,AIRPATH alternative,35.386219637387526,0.9633739429660011,2948.8516364489606,913.9498344432309,-20.484525495917183,1268.1773322798263,-56.44408076100876,139,0.0,1.0,2,3,True
od_03,walking,3.0,0.08715142340733822,37.422845694421525,walking-3,2,AIRPATH alternative,36.216969083160066,1.7941233887385408,3018.080756930005,937.5234852654203,-44.058176318106575,1286.6044594981192,-74.87120797930174,126,0.029605263157894735,0.9703947368421053,2,3,True
od_03,walking,5.0,0.1452523723455637,39.422845694421525,walking-1,0,fastest,34.422845694421525,0.0,2868.5704745351272,893.4653089473137,0.0,1211.7332515188175,0.0,187,1.0,0.0,2,3,True
od_03,walking,5.0,0.1452523723455637,39.422845694421525,walking-2,1,AIRPATH alternative,35.386219637387526,0.9633739429660011,2948.8516364489606,913.9498344432309,-20.484525495917183,1268.1773322798263,-56.44408076100876,139,0.0,1.0,2,3,True
od_03,walking,5.0,0.1452523723455637,39.422845694421525,walking-3,2,AIRPATH alternative,36.216969083160066,1.7941233887385408,3018.080756930005,937.5234852654203,-44.058176318106575,1286.6044594981192,-74.87120797930174,126,0.029605263157894735,0.9703947368421053,2,3,True
od_03,walking,10.0,0.2905047446911274,44.422845694421525,walking-1,0,fastest,34.422845694421525,0.0,2868.5704745351272,893.4653089473137,0.0,1211.7332515188175,0.0,187,1.0,0.0,5,3,False
od_03,walking,10.0,0.2905047446911274,44.422845694421525,walking-2,1,AIRPATH alternative,35.386219637387526,0.9633739429660011,2948.8516364489606,913.9498344432309,-20.484525495917183,1268.1773322798263,-56.44408076100876,139,0.0,1.0,5,3,False
od_03,walking,10.0,0.2905047446911274,44.422845694421525,walking-3,2,AIRPATH alternative,36.216969083160066,1.7941233887385408,3018.080756930005,937.5234852654203,-44.058176318106575,1286.6044594981192,-74.87120797930174,126,0.029605263157894735,0.9703947368421053,5,3,False
od_03,walking,10.0,0.2905047446911274,44.422845694421525,walking-5,3,AIRPATH alternative,41.27048239028817,6.8476366958666475,3439.2068658573476,1065.632602863319,-172.1672939160054,1480.819182081938,-269.0859305631204,156,0.014792899408284023,0.985207100591716,5,3,False
od_04,motorbike,0.0,0.0,13.275882583129041,motorbike-1,0,fastest,13.275882583129041,0.0,5531.617742970435,347.2539257313144,0.0,524.756402702522,0.0,172,1.0,0.0,0,3,True
od_04,motorbike,1.0,0.07532455893145647,14.275882583129041,motorbike-1,0,fastest,13.275882583129041,0.0,5531.617742970435,347.2539257313144,0.0,524.756402702522,0.0,172,1.0,0.0,2,3,True
od_04,motorbike,1.0,0.07532455893145647,14.275882583129041,motorbike-2,1,AIRPATH alternative,13.620497357443034,0.34461477431399246,5675.2072322679305,356.4700851629757,-9.21615943166131,540.5624818113354,-15.806079108813378,179,0.04154302670623145,0.9584569732937686,2,3,True
od_04,motorbike,1.0,0.07532455893145647,14.275882583129041,motorbike-3,2,AIRPATH alternative,14.2432855547095,0.9674029715804586,5934.702314462292,371.1191371306269,-23.8652113993125,559.147073506522,-34.390670804000024,192,0.0196078431372549,0.9803921568627451,2,3,True
od_04,motorbike,2.0,0.15064911786291293,15.275882583129041,motorbike-1,0,fastest,13.275882583129041,0.0,5531.617742970435,347.2539257313144,0.0,524.756402702522,0.0,172,1.0,0.0,2,3,True
od_04,motorbike,2.0,0.15064911786291293,15.275882583129041,motorbike-2,1,AIRPATH alternative,13.620497357443034,0.34461477431399246,5675.2072322679305,356.4700851629757,-9.21615943166131,540.5624818113354,-15.806079108813378,179,0.04154302670623145,0.9584569732937686,2,3,True
od_04,motorbike,2.0,0.15064911786291293,15.275882583129041,motorbike-3,2,AIRPATH alternative,14.2432855547095,0.9674029715804586,5934.702314462292,371.1191371306269,-23.8652113993125,559.147073506522,-34.390670804000024,192,0.0196078431372549,0.9803921568627451,2,3,True
od_04,motorbike,3.0,0.22597367679436942,16.27588258312904,motorbike-1,0,fastest,13.275882583129041,0.0,5531.617742970435,347.2539257313144,0.0,524.756402702522,0.0,172,1.0,0.0,3,3,False
od_04,motorbike,3.0,0.22597367679436942,16.27588258312904,motorbike-2,1,AIRPATH alternative,13.620497357443034,0.34461477431399246,5675.2072322679305,356.4700851629757,-9.21615943166131,540.5624818113354,-15.806079108813378,179,0.04154302670623145,0.9584569732937686,3,3,False
od_04,motorbike,3.0,0.22597367679436942,16.27588258312904,motorbike-3,2,AIRPATH alternative,14.2432855547095,0.9674029715804586,5934.702314462292,371.1191371306269,-23.8652113993125,559.147073506522,-34.390670804000024,192,0.0196078431372549,0.9803921568627451,3,3,False
od_04,motorbike,3.0,0.22597367679436942,16.27588258312904,motorbike-4,3,AIRPATH alternative,15.617407335477345,2.3415247523483043,6507.253056448894,405.3963195410847,-58.14239380977034,608.2883755289349,-83.53197282641293,243,0.009732360097323601,0.9902676399026764,3,3,False
od_04,motorbike,5.0,0.3766227946572823,18.27588258312904,motorbike-1,0,fastest,13.275882583129041,0.0,5531.617742970435,347.2539257313144,0.0,524.756402702522,0.0,172,1.0,0.0,4,3,False
od_04,motorbike,5.0,0.3766227946572823,18.27588258312904,motorbike-2,1,AIRPATH alternative,13.620497357443034,0.34461477431399246,5675.2072322679305,356.4700851629757,-9.21615943166131,540.5624818113354,-15.806079108813378,179,0.04154302670623145,0.9584569732937686,4,3,False
od_04,motorbike,5.0,0.3766227946572823,18.27588258312904,motorbike-3,2,AIRPATH alternative,14.2432855547095,0.9674029715804586,5934.702314462292,371.1191371306269,-23.8652113993125,559.147073506522,-34.390670804000024,192,0.0196078431372549,0.9803921568627451,4,3,False
od_04,motorbike,5.0,0.3766227946572823,18.27588258312904,motorbike-4,3,AIRPATH alternative,15.617407335477345,2.3415247523483043,6507.253056448894,405.3963195410847,-58.14239380977034,608.2883755289349,-83.53197282641293,243,0.009732360097323601,0.9902676399026764,4,3,False
od_04,motorbike,10.0,0.7532455893145646,23.27588258312904,motorbike-1,0,fastest,13.275882583129041,0.0,5531.617742970435,347.2539257313144,0.0,524.756402702522,0.0,172,1.0,0.0,6,3,False
od_04,motorbike,10.0,0.7532455893145646,23.27588258312904,motorbike-2,1,AIRPATH alternative,13.620497357443034,0.34461477431399246,5675.2072322679305,356.4700851629757,-9.21615943166131,540.5624818113354,-15.806079108813378,179,0.04154302670623145,0.9584569732937686,6,3,False
od_04,motorbike,10.0,0.7532455893145646,23.27588258312904,motorbike-3,2,AIRPATH alternative,14.2432855547095,0.9674029715804586,5934.702314462292,371.1191371306269,-23.8652113993125,559.147073506522,-34.390670804000024,192,0.0196078431372549,0.9803921568627451,6,3,False
od_04,motorbike,10.0,0.7532455893145646,23.27588258312904,motorbike-4,3,AIRPATH alternative,15.617407335477345,2.3415247523483043,6507.253056448894,405.3963195410847,-58.14239380977034,608.2883755289349,-83.53197282641293,243,0.009732360097323601,0.9902676399026764,6,3,False
od_04,walking,0.0,0.0,66.24586047456621,walking-1,0,fastest,66.24586047456621,0.0,5520.488372880517,1734.6168637377984,0.0,2526.171611879433,0.0,193,1.0,0.0,0,3,True
od_04,walking,1.0,0.015095282827278395,67.24586047456621,walking-1,0,fastest,66.24586047456621,0.0,5520.488372880517,1734.6168637377984,0.0,2526.171611879433,0.0,193,1.0,0.0,3,3,False
od_04,walking,1.0,0.015095282827278395,67.24586047456621,walking-6,1,AIRPATH alternative,66.2586318228782,0.01277134831198623,5521.552651906517,1734.952151495292,-0.33528775749346096,2526.671250378259,-0.49963849882624345,193,0.9693877551020408,0.030612244897959218,3,3,False
od_04,walking,1.0,0.015095282827278395,67.24586047456621,walking-7,2,AIRPATH alternative,66.27179286511733,0.02593239055111951,5522.649405426444,1735.3027350375714,-0.6858712997729981,2527.1918869963565,-1.0202751169235853,193,0.9794871794871794,0.02051282051282055,3,3,False
od_04,walking,1.0,0.015095282827278395,67.24586047456621,walking-8,3,AIRPATH alternative,66.27534217176127,0.029481697195052448,5522.945180980105,1735.321102971851,-0.7042392340524657,2526.823983041098,-0.6523711616650871,195,0.9595959595959596,0.04040404040404044,3,3,False
od_04,walking,2.0,0.03019056565455679,68.24586047456621,walking-1,0,fastest,66.24586047456621,0.0,5520.488372880517,1734.6168637377984,0.0,2526.171611879433,0.0,193,1.0,0.0,4,3,False
od_04,walking,2.0,0.03019056565455679,68.24586047456621,walking-6,1,AIRPATH alternative,66.2586318228782,0.01277134831198623,5521.552651906517,1734.952151495292,-0.33528775749346096,2526.671250378259,-0.49963849882624345,193,0.9693877551020408,0.030612244897959218,4,3,False
od_04,walking,2.0,0.03019056565455679,68.24586047456621,walking-7,2,AIRPATH alternative,66.27179286511733,0.02593239055111951,5522.649405426444,1735.3027350375714,-0.6858712997729981,2527.1918869963565,-1.0202751169235853,193,0.9794871794871794,0.02051282051282055,4,3,False
od_04,walking,2.0,0.03019056565455679,68.24586047456621,walking-8,3,AIRPATH alternative,66.27534217176127,0.029481697195052448,5522.945180980105,1735.321102971851,-0.7042392340524657,2526.823983041098,-0.6523711616650871,195,0.9595959595959596,0.04040404040404044,4,3,False
od_04,walking,3.0,0.045285848481835186,69.24586047456621,walking-1,0,fastest,66.24586047456621,0.0,5520.488372880517,1734.6168637377984,0.0,2526.171611879433,0.0,193,1.0,0.0,4,3,False
od_04,walking,3.0,0.045285848481835186,69.24586047456621,walking-6,1,AIRPATH alternative,66.2586318228782,0.01277134831198623,5521.552651906517,1734.952151495292,-0.33528775749346096,2526.671250378259,-0.49963849882624345,193,0.9693877551020408,0.030612244897959218,4,3,False
od_04,walking,3.0,0.045285848481835186,69.24586047456621,walking-7,2,AIRPATH alternative,66.27179286511733,0.02593239055111951,5522.649405426444,1735.3027350375714,-0.6858712997729981,2527.1918869963565,-1.0202751169235853,193,0.9794871794871794,0.02051282051282055,4,3,False
od_04,walking,3.0,0.045285848481835186,69.24586047456621,walking-8,3,AIRPATH alternative,66.27534217176127,0.029481697195052448,5522.945180980105,1735.321102971851,-0.7042392340524657,2526.823983041098,-0.6523711616650871,195,0.9595959595959596,0.04040404040404044,4,3,False
od_04,walking,5.0,0.07547641413639197,71.24586047456621,walking-1,0,fastest,66.24586047456621,0.0,5520.488372880517,1734.6168637377984,0.0,2526.171611879433,0.0,193,1.0,0.0,4,3,False
od_04,walking,5.0,0.07547641413639197,71.24586047456621,walking-6,1,AIRPATH alternative,66.2586318228782,0.01277134831198623,5521.552651906517,1734.952151495292,-0.33528775749346096,2526.671250378259,-0.49963849882624345,193,0.9693877551020408,0.030612244897959218,4,3,False
od_04,walking,5.0,0.07547641413639197,71.24586047456621,walking-7,2,AIRPATH alternative,66.27179286511733,0.02593239055111951,5522.649405426444,1735.3027350375714,-0.6858712997729981,2527.1918869963565,-1.0202751169235853,193,0.9794871794871794,0.02051282051282055,4,3,False
od_04,walking,5.0,0.07547641413639197,71.24586047456621,walking-8,3,AIRPATH alternative,66.27534217176127,0.029481697195052448,5522.945180980105,1735.321102971851,-0.7042392340524657,2526.823983041098,-0.6523711616650871,195,0.9595959595959596,0.04040404040404044,4,3,False
od_04,walking,10.0,0.15095282827278395,76.24586047456621,walking-1,0,fastest,66.24586047456621,0.0,5520.488372880517,1734.6168637377984,0.0,2526.171611879433,0.0,193,1.0,0.0,5,3,False
od_04,walking,10.0,0.15095282827278395,76.24586047456621,walking-6,1,AIRPATH alternative,66.2586318228782,0.01277134831198623,5521.552651906517,1734.952151495292,-0.33528775749346096,2526.671250378259,-0.49963849882624345,193,0.9693877551020408,0.030612244897959218,5,3,False
od_04,walking,10.0,0.15095282827278395,76.24586047456621,walking-7,2,AIRPATH alternative,66.27179286511733,0.02593239055111951,5522.649405426444,1735.3027350375714,-0.6858712997729981,2527.1918869963565,-1.0202751169235853,193,0.9794871794871794,0.02051282051282055,5,3,False
od_04,walking,10.0,0.15095282827278395,76.24586047456621,walking-8,3,AIRPATH alternative,66.27534217176127,0.029481697195052448,5522.945180980105,1735.321102971851,-0.7042392340524657,2526.823983041098,-0.6523711616650871,195,0.9595959595959596,0.04040404040404044,5,3,False
od_05,motorbike,0.0,0.0,15.468886749491073,motorbike-1,0,fastest,15.468886749491073,0.0,6445.369478954613,389.6325130292415,0.0,538.4203047254263,0.0,243,1.0,0.0,0,3,True
od_05,motorbike,1.0,0.0646458931527765,16.468886749491073,motorbike-1,0,fastest,15.468886749491073,0.0,6445.369478954613,389.6325130292415,0.0,538.4203047254263,0.0,243,1.0,0.0,1,3,True
od_05,motorbike,1.0,0.0646458931527765,16.468886749491073,motorbike-2,1,AIRPATH alternative,16.430813463101863,0.9619267136107901,6846.172276292444,417.312597976923,-27.68008494768145,573.0088295750519,-34.58852484962563,284,0.05189620758483034,0.9481037924151696,1,3,True
od_05,motorbike,2.0,0.129291786305553,17.468886749491073,motorbike-1,0,fastest,15.468886749491073,0.0,6445.369478954613,389.6325130292415,0.0,538.4203047254263,0.0,243,1.0,0.0,1,3,True
od_05,motorbike,2.0,0.129291786305553,17.468886749491073,motorbike-2,1,AIRPATH alternative,16.430813463101863,0.9619267136107901,6846.172276292444,417.312597976923,-27.68008494768145,573.0088295750519,-34.58852484962563,284,0.05189620758483034,0.9481037924151696,1,3,True
od_05,motorbike,3.0,0.1939376794583295,18.468886749491073,motorbike-1,0,fastest,15.468886749491073,0.0,6445.369478954613,389.6325130292415,0.0,538.4203047254263,0.0,243,1.0,0.0,2,3,True
od_05,motorbike,3.0,0.1939376794583295,18.468886749491073,motorbike-2,1,AIRPATH alternative,16.430813463101863,0.9619267136107901,6846.172276292444,417.312597976923,-27.68008494768145,573.0088295750519,-34.58852484962563,284,0.05189620758483034,0.9481037924151696,2,3,True
od_05,motorbike,3.0,0.1939376794583295,18.468886749491073,motorbike-3,2,AIRPATH alternative,17.721025945346682,2.2521391958556087,7383.760810561117,446.3304967261367,-56.697983696895164,617.48712723413,-79.0668225087037,281,0.048,0.952,2,3,True
od_05,motorbike,5.0,0.32322946576388245,20.468886749491073,motorbike-1,0,fastest,15.468886749491073,0.0,6445.369478954613,389.6325130292415,0.0,538.4203047254263,0.0,243,1.0,0.0,3,3,False
od_05,motorbike,5.0,0.32322946576388245,20.468886749491073,motorbike-2,1,AIRPATH alternative,16.430813463101863,0.9619267136107901,6846.172276292444,417.312597976923,-27.68008494768145,573.0088295750519,-34.58852484962563,284,0.05189620758483034,0.9481037924151696,3,3,False
od_05,motorbike,5.0,0.32322946576388245,20.468886749491073,motorbike-3,2,AIRPATH alternative,17.721025945346682,2.2521391958556087,7383.760810561117,446.3304967261367,-56.697983696895164,617.48712723413,-79.0668225087037,281,0.048,0.952,3,3,False
od_05,motorbike,5.0,0.32322946576388245,20.468886749491073,motorbike-4,3,AIRPATH alternative,19.325041392608465,3.8561546431173923,8052.100580253528,492.75662220260676,-103.12410917336524,675.2007618419783,-136.78045711655204,300,0.04222648752399232,0.9577735124760077,3,3,False
od_05,motorbike,10.0,0.6464589315277649,25.468886749491073,motorbike-1,0,fastest,15.468886749491073,0.0,6445.369478954613,389.6325130292415,0.0,538.4203047254263,0.0,243,1.0,0.0,5,3,False
od_05,motorbike,10.0,0.6464589315277649,25.468886749491073,motorbike-2,1,AIRPATH alternative,16.430813463101863,0.9619267136107901,6846.172276292444,417.312597976923,-27.68008494768145,573.0088295750519,-34.58852484962563,284,0.05189620758483034,0.9481037924151696,5,3,False
od_05,motorbike,10.0,0.6464589315277649,25.468886749491073,motorbike-3,2,AIRPATH alternative,17.721025945346682,2.2521391958556087,7383.760810561117,446.3304967261367,-56.697983696895164,617.48712723413,-79.0668225087037,281,0.048,0.952,5,3,False
od_05,motorbike,10.0,0.6464589315277649,25.468886749491073,motorbike-4,3,AIRPATH alternative,19.325041392608465,3.8561546431173923,8052.100580253528,492.75662220260676,-103.12410917336524,675.2007618419783,-136.78045711655204,300,0.04222648752399232,0.9577735124760077,5,3,False
od_05,walking,0.0,0.0,79.18940872206731,walking-1,0,fastest,79.18940872206731,0.0,6599.1173935056095,2005.071681474288,0.0,2533.8510501846745,0.0,249,1.0,0.0,0,3,True
od_05,walking,1.0,0.012627951340181368,80.18940872206731,walking-1,0,fastest,79.18940872206731,0.0,6599.1173935056095,2005.071681474288,0.0,2533.8510501846745,0.0,249,1.0,0.0,4,3,False
od_05,walking,1.0,0.012627951340181368,80.18940872206731,walking-5,1,AIRPATH alternative,79.19073760644044,0.0013288843731231736,6599.228133870036,2005.0887853579497,-0.0171038836617754,2533.8592980815997,-0.008247896925240639,249,0.9840637450199203,0.015936254980079667,4,3,False
od_05,walking,1.0,0.012627951340181368,80.18940872206731,walking-6,2,AIRPATH alternative,79.19390361930249,0.004494897235176154,6599.491968275206,2005.2153094707621,-0.1436279964741516,2534.0554999092847,-0.2044497246101855,249,0.9840637450199203,0.015936254980079667,4,3,False
od_05,walking,1.0,0.012627951340181368,80.18940872206731,walking-8,3,AIRPATH alternative,79.19535898384078,0.005950261773463694,6599.613248653397,2005.2262661835348,-0.15458470924681933,2534.0189580312062,-0.1679078465317616,249,0.9840637450199203,0.015936254980079667,4,3,False
od_05,walking,2.0,0.025255902680362735,81.18940872206731,walking-1,0,fastest,79.18940872206731,0.0,6599.1173935056095,2005.071681474288,0.0,2533.8510501846745,0.0,249,1.0,0.0,4,3,False
od_05,walking,2.0,0.025255902680362735,81.18940872206731,walking-5,1,AIRPATH alternative,79.19073760644044,0.0013288843731231736,6599.228133870036,2005.0887853579497,-0.0171038836617754,2533.8592980815997,-0.008247896925240639,249,0.9840637450199203,0.015936254980079667,4,3,False
od_05,walking,2.0,0.025255902680362735,81.18940872206731,walking-6,2,AIRPATH alternative,79.19390361930249,0.004494897235176154,6599.491968275206,2005.2153094707621,-0.1436279964741516,2534.0554999092847,-0.2044497246101855,249,0.9840637450199203,0.015936254980079667,4,3,False
od_05,walking,2.0,0.025255902680362735,81.18940872206731,walking-8,3,AIRPATH alternative,79.19535898384078,0.005950261773463694,6599.613248653397,2005.2262661835348,-0.15458470924681933,2534.0189580312062,-0.1679078465317616,249,0.9840637450199203,0.015936254980079667,4,3,False
od_05,walking,3.0,0.0378838540205441,82.18940872206731,walking-1,0,fastest,79.18940872206731,0.0,6599.1173935056095,2005.071681474288,0.0,2533.8510501846745,0.0,249,1.0,0.0,5,3,False
od_05,walking,3.0,0.0378838540205441,82.18940872206731,walking-5,1,AIRPATH alternative,79.19073760644044,0.0013288843731231736,6599.228133870036,2005.0887853579497,-0.0171038836617754,2533.8592980815997,-0.008247896925240639,249,0.9840637450199203,0.015936254980079667,5,3,False
od_05,walking,3.0,0.0378838540205441,82.18940872206731,walking-6,2,AIRPATH alternative,79.19390361930249,0.004494897235176154,6599.491968275206,2005.2153094707621,-0.1436279964741516,2534.0554999092847,-0.2044497246101855,249,0.9840637450199203,0.015936254980079667,5,3,False
od_05,walking,3.0,0.0378838540205441,82.18940872206731,walking-8,3,AIRPATH alternative,79.19535898384078,0.005950261773463694,6599.613248653397,2005.2262661835348,-0.15458470924681933,2534.0189580312062,-0.1679078465317616,249,0.9840637450199203,0.015936254980079667,5,3,False
od_05,walking,5.0,0.06313975670090684,84.18940872206731,walking-1,0,fastest,79.18940872206731,0.0,6599.1173935056095,2005.071681474288,0.0,2533.8510501846745,0.0,249,1.0,0.0,5,3,False
od_05,walking,5.0,0.06313975670090684,84.18940872206731,walking-5,1,AIRPATH alternative,79.19073760644044,0.0013288843731231736,6599.228133870036,2005.0887853579497,-0.0171038836617754,2533.8592980815997,-0.008247896925240639,249,0.9840637450199203,0.015936254980079667,5,3,False
od_05,walking,5.0,0.06313975670090684,84.18940872206731,walking-6,2,AIRPATH alternative,79.19390361930249,0.004494897235176154,6599.491968275206,2005.2153094707621,-0.1436279964741516,2534.0554999092847,-0.2044497246101855,249,0.9840637450199203,0.015936254980079667,5,3,False
od_05,walking,5.0,0.06313975670090684,84.18940872206731,walking-8,3,AIRPATH alternative,79.19535898384078,0.005950261773463694,6599.613248653397,2005.2262661835348,-0.15458470924681933,2534.0189580312062,-0.1679078465317616,249,0.9840637450199203,0.015936254980079667,5,3,False
od_05,walking,10.0,0.12627951340181368,89.18940872206731,walking-1,0,fastest,79.18940872206731,0.0,6599.1173935056095,2005.071681474288,0.0,2533.8510501846745,0.0,249,1.0,0.0,6,3,False
od_05,walking,10.0,0.12627951340181368,89.18940872206731,walking-5,1,AIRPATH alternative,79.19073760644044,0.0013288843731231736,6599.228133870036,2005.0887853579497,-0.0171038836617754,2533.8592980815997,-0.008247896925240639,249,0.9840637450199203,0.015936254980079667,6,3,False
od_05,walking,10.0,0.12627951340181368,89.18940872206731,walking-6,2,AIRPATH alternative,79.19390361930249,0.004494897235176154,6599.491968275206,2005.2153094707621,-0.1436279964741516,2534.0554999092847,-0.2044497246101855,249,0.9840637450199203,0.015936254980079667,6,3,False
od_05,walking,10.0,0.12627951340181368,89.18940872206731,walking-8,3,AIRPATH alternative,79.19535898384078,0.005950261773463694,6599.613248653397,2005.2262661835348,-0.15458470924681933,2534.0189580312062,-0.1679078465317616,249,0.9840637450199203,0.015936254980079667,6,3,False
od_06,motorbike,0.0,0.0,8.795778104253094,motorbike-1,0,fastest,8.795778104253094,0.0,3664.907543438789,227.76683363333711,0.0,289.96369112562195,0.0,177,1.0,0.0,0,3,True
od_06,motorbike,1.0,0.11369090808651278,9.795778104253094,motorbike-1,0,fastest,8.795778104253094,0.0,3664.907543438789,227.76683363333711,0.0,289.96369112562195,0.0,177,1.0,0.0,2,3,True
od_06,motorbike,1.0,0.11369090808651278,9.795778104253094,motorbike-2,1,AIRPATH alternative,8.912525008564945,0.1167469043118512,3713.55208690206,230.8882226660692,-3.1213890327320826,294.94249439564294,-4.97880327002099,192,0.1941747572815534,0.8058252427184466,2,3,True
od_06,motorbike,1.0,0.11369090808651278,9.795778104253094,motorbike-3,2,AIRPATH alternative,9.733593910325371,0.9378158060722779,4055.6641293022385,250.8206358092145,-23.053802175877394,319.36397958211757,-29.400288456495616,183,0.02857142857142857,0.9714285714285714,2,3,True
od_06,motorbike,2.0,0.22738181617302555,10.795778104253094,motorbike-1,0,fastest,8.795778104253094,0.0,3664.907543438789,227.76683363333711,0.0,289.96369112562195,0.0,177,1.0,0.0,2,3,True
od_06,motorbike,2.0,0.22738181617302555,10.795778104253094,motorbike-2,1,AIRPATH alternative,8.912525008564945,0.1167469043118512,3713.55208690206,230.8882226660692,-3.1213890327320826,294.94249439564294,-4.97880327002099,192,0.1941747572815534,0.8058252427184466,2,3,True
od_06,motorbike,2.0,0.22738181617302555,10.795778104253094,motorbike-3,2,AIRPATH alternative,9.733593910325371,0.9378158060722779,4055.6641293022385,250.8206358092145,-23.053802175877394,319.36397958211757,-29.400288456495616,183,0.02857142857142857,0.9714285714285714,2,3,True
od_06,motorbike,3.0,0.34107272425953833,11.795778104253094,motorbike-1,0,fastest,8.795778104253094,0.0,3664.907543438789,227.76683363333711,0.0,289.96369112562195,0.0,177,1.0,0.0,4,3,False
od_06,motorbike,3.0,0.34107272425953833,11.795778104253094,motorbike-2,1,AIRPATH alternative,8.912525008564945,0.1167469043118512,3713.55208690206,230.8882226660692,-3.1213890327320826,294.94249439564294,-4.97880327002099,192,0.1941747572815534,0.8058252427184466,4,3,False
od_06,motorbike,3.0,0.34107272425953833,11.795778104253094,motorbike-3,2,AIRPATH alternative,9.733593910325371,0.9378158060722779,4055.6641293022385,250.8206358092145,-23.053802175877394,319.36397958211757,-29.400288456495616,183,0.02857142857142857,0.9714285714285714,4,3,False
od_06,motorbike,3.0,0.34107272425953833,11.795778104253094,motorbike-5,3,AIRPATH alternative,10.82864499459946,2.032866890346366,4511.935414416441,279.6280991983078,-51.861265564970665,354.11356707385295,-64.149875948231,194,0.01366120218579235,0.9863387978142076,4,3,False
od_06,motorbike,5.0,0.5684545404325638,13.795778104253094,motorbike-1,0,fastest,8.795778104253094,0.0,3664.907543438789,227.76683363333711,0.0,289.96369112562195,0.0,177,1.0,0.0,5,3,False
od_06,motorbike,5.0,0.5684545404325638,13.795778104253094,motorbike-2,1,AIRPATH alternative,8.912525008564945,0.1167469043118512,3713.55208690206,230.8882226660692,-3.1213890327320826,294.94249439564294,-4.97880327002099,192,0.1941747572815534,0.8058252427184466,5,3,False
od_06,motorbike,5.0,0.5684545404325638,13.795778104253094,motorbike-3,2,AIRPATH alternative,9.733593910325371,0.9378158060722779,4055.6641293022385,250.8206358092145,-23.053802175877394,319.36397958211757,-29.400288456495616,183,0.02857142857142857,0.9714285714285714,5,3,False
od_06,motorbike,5.0,0.5684545404325638,13.795778104253094,motorbike-5,3,AIRPATH alternative,10.82864499459946,2.032866890346366,4511.935414416441,279.6280991983078,-51.861265564970665,354.11356707385295,-64.149875948231,194,0.01366120218579235,0.9863387978142076,5,3,False
od_06,motorbike,10.0,1.1369090808651277,18.795778104253095,motorbike-1,0,fastest,8.795778104253094,0.0,3664.907543438789,227.76683363333711,0.0,289.96369112562195,0.0,177,1.0,0.0,7,3,False
od_06,motorbike,10.0,1.1369090808651277,18.795778104253095,motorbike-2,1,AIRPATH alternative,8.912525008564945,0.1167469043118512,3713.55208690206,230.8882226660692,-3.1213890327320826,294.94249439564294,-4.97880327002099,192,0.1941747572815534,0.8058252427184466,7,3,False
od_06,motorbike,10.0,1.1369090808651277,18.795778104253095,motorbike-3,2,AIRPATH alternative,9.733593910325371,0.9378158060722779,4055.6641293022385,250.8206358092145,-23.053802175877394,319.36397958211757,-29.400288456495616,183,0.02857142857142857,0.9714285714285714,7,3,False
od_06,motorbike,10.0,1.1369090808651277,18.795778104253095,motorbike-5,3,AIRPATH alternative,10.82864499459946,2.032866890346366,4511.935414416441,279.6280991983078,-51.861265564970665,354.11356707385295,-64.149875948231,194,0.01366120218579235,0.9863387978142076,7,3,False
od_06,walking,0.0,0.0,42.44838227513487,walking-1,0,fastest,42.44838227513487,0.0,3537.365189594572,1099.3491177612561,0.0,1399.9233710108867,0.0,148,1.0,0.0,0,3,True
od_06,walking,1.0,0.023558023802140827,43.44838227513487,walking-1,0,fastest,42.44838227513487,0.0,3537.365189594572,1099.3491177612561,0.0,1399.9233710108867,0.0,148,1.0,0.0,3,3,False
od_06,walking,1.0,0.023558023802140827,43.44838227513487,walking-6,1,AIRPATH alternative,42.44951227386006,0.0011299987251902621,3537.459356155005,1099.3814371223696,-0.03231936111342293,1399.9666468259336,-0.043275815046854404,148,0.9473684210526315,0.052631578947368474,3,3,False
od_06,walking,1.0,0.023558023802140827,43.44838227513487,walking-7,2,AIRPATH alternative,42.45950208551215,0.011119810377280714,3538.2918404593456,1099.6411233210688,-0.29200555981265097,1400.3066562875954,-0.38328527670864787,148,0.9733333333333334,0.026666666666666616,3,3,False
od_06,walking,1.0,0.023558023802140827,43.44838227513487,walking-8,3,AIRPATH alternative,42.460632084237346,0.012249809102478082,3538.386007019779,1099.673442682182,-0.3243249209258465,1400.3499321026422,-0.4265610917555023,148,0.922077922077922,0.07792207792207795,3,3,False
od_06,walking,2.0,0.047116047604281654,44.44838227513487,walking-1,0,fastest,42.44838227513487,0.0,3537.365189594572,1099.3491177612561,0.0,1399.9233710108867,0.0,148,1.0,0.0,4,3,False
od_06,walking,2.0,0.047116047604281654,44.44838227513487,walking-6,1,AIRPATH alternative,42.44951227386006,0.0011299987251902621,3537.459356155005,1099.3814371223696,-0.03231936111342293,1399.9666468259336,-0.043275815046854404,148,0.9473684210526315,0.052631578947368474,4,3,False
od_06,walking,2.0,0.047116047604281654,44.44838227513487,walking-7,2,AIRPATH alternative,42.45950208551215,0.011119810377280714,3538.2918404593456,1099.6411233210688,-0.29200555981265097,1400.3066562875954,-0.38328527670864787,148,0.9733333333333334,0.026666666666666616,4,3,False
od_06,walking,2.0,0.047116047604281654,44.44838227513487,walking-8,3,AIRPATH alternative,42.460632084237346,0.012249809102478082,3538.386007019779,1099.673442682182,-0.3243249209258465,1400.3499321026422,-0.4265610917555023,148,0.922077922077922,0.07792207792207795,4,3,False
od_06,walking,3.0,0.07067407140642248,45.44838227513487,walking-1,0,fastest,42.44838227513487,0.0,3537.365189594572,1099.3491177612561,0.0,1399.9233710108867,0.0,148,1.0,0.0,4,3,False
od_06,walking,3.0,0.07067407140642248,45.44838227513487,walking-6,1,AIRPATH alternative,42.44951227386006,0.0011299987251902621,3537.459356155005,1099.3814371223696,-0.03231936111342293,1399.9666468259336,-0.043275815046854404,148,0.9473684210526315,0.052631578947368474,4,3,False
od_06,walking,3.0,0.07067407140642248,45.44838227513487,walking-7,2,AIRPATH alternative,42.45950208551215,0.011119810377280714,3538.2918404593456,1099.6411233210688,-0.29200555981265097,1400.3066562875954,-0.38328527670864787,148,0.9733333333333334,0.026666666666666616,4,3,False
od_06,walking,3.0,0.07067407140642248,45.44838227513487,walking-8,3,AIRPATH alternative,42.460632084237346,0.012249809102478082,3538.386007019779,1099.673442682182,-0.3243249209258465,1400.3499321026422,-0.4265610917555023,148,0.922077922077922,0.07792207792207795,4,3,False
od_06,walking,5.0,0.11779011901070413,47.44838227513487,walking-1,0,fastest,42.44838227513487,0.0,3537.365189594572,1099.3491177612561,0.0,1399.9233710108867,0.0,148,1.0,0.0,5,3,False
od_06,walking,5.0,0.11779011901070413,47.44838227513487,walking-6,1,AIRPATH alternative,42.44951227386006,0.0011299987251902621,3537.459356155005,1099.3814371223696,-0.03231936111342293,1399.9666468259336,-0.043275815046854404,148,0.9473684210526315,0.052631578947368474,5,3,False
od_06,walking,5.0,0.11779011901070413,47.44838227513487,walking-7,2,AIRPATH alternative,42.45950208551215,0.011119810377280714,3538.2918404593456,1099.6411233210688,-0.29200555981265097,1400.3066562875954,-0.38328527670864787,148,0.9733333333333334,0.026666666666666616,5,3,False
od_06,walking,5.0,0.11779011901070413,47.44838227513487,walking-8,3,AIRPATH alternative,42.460632084237346,0.012249809102478082,3538.386007019779,1099.673442682182,-0.3243249209258465,1400.3499321026422,-0.4265610917555023,148,0.922077922077922,0.07792207792207795,5,3,False
od_06,walking,10.0,0.23558023802140826,52.44838227513487,walking-1,0,fastest,42.44838227513487,0.0,3537.365189594572,1099.3491177612561,0.0,1399.9233710108867,0.0,148,1.0,0.0,6,3,False
od_06,walking,10.0,0.23558023802140826,52.44838227513487,walking-6,1,AIRPATH alternative,42.44951227386006,0.0011299987251902621,3537.459356155005,1099.3814371223696,-0.03231936111342293,1399.9666468259336,-0.043275815046854404,148,0.9473684210526315,0.052631578947368474,6,3,False
od_06,walking,10.0,0.23558023802140826,52.44838227513487,walking-7,2,AIRPATH alternative,42.45950208551215,0.011119810377280714,3538.2918404593456,1099.6411233210688,-0.29200555981265097,1400.3066562875954,-0.38328527670864787,148,0.9733333333333334,0.026666666666666616,6,3,False
od_06,walking,10.0,0.23558023802140826,52.44838227513487,walking-8,3,AIRPATH alternative,42.460632084237346,0.012249809102478082,3538.386007019779,1099.673442682182,-0.3243249209258465,1400.3499321026422,-0.4265610917555023,148,0.922077922077922,0.07792207792207795,6,3,False
od_07,motorbike,0.0,0.0,8.70687690002884,motorbike-1,0,fastest,8.70687690002884,0.0,3627.8653750120166,231.8400543718206,0.0,316.707051850389,0.0,138,1.0,0.0,0,3,True
od_07,motorbike,1.0,0.1148517443719329,9.70687690002884,motorbike-1,0,fastest,8.70687690002884,0.0,3627.8653750120166,231.8400543718206,0.0,316.707051850389,0.0,138,1.0,0.0,2,3,True
od_07,motorbike,1.0,0.1148517443719329,9.70687690002884,motorbike-2,1,AIRPATH alternative,8.849602511257377,0.14272561122853666,3687.3343796905733,235.80359188437217,-3.963537512551568,324.04868229367656,-7.341630443287556,163,0.25416666666666665,0.7458333333333333,2,3,True
od_07,motorbike,1.0,0.1148517443719329,9.70687690002884,motorbike-3,2,AIRPATH alternative,9.304484026919031,0.5976071268901908,3876.8683445495967,247.9978389670089,-16.157784595188303,338.99241722879356,-22.28536537840455,202,0.10749185667752444,0.8925081433224755,2,3,True
od_07,motorbike,2.0,0.2297034887438658,10.70687690002884,motorbike-1,0,fastest,8.70687690002884,0.0,3627.8653750120166,231.8400543718206,0.0,316.707051850389,0.0,138,1.0,0.0,3,3,False
od_07,motorbike,2.0,0.2297034887438658,10.70687690002884,motorbike-2,1,AIRPATH alternative,8.849602511257377,0.14272561122853666,3687.3343796905733,235.80359188437217,-3.963537512551568,324.04868229367656,-7.341630443287556,163,0.25416666666666665,0.7458333333333333,3,3,False
od_07,motorbike,2.0,0.2297034887438658,10.70687690002884,motorbike-3,2,AIRPATH alternative,9.304484026919031,0.5976071268901908,3876.8683445495967,247.9978389670089,-16.157784595188303,338.99241722879356,-22.28536537840455,202,0.10749185667752444,0.8925081433224755,3,3,False
od_07,motorbike,2.0,0.2297034887438658,10.70687690002884,motorbike-4,3,AIRPATH alternative,10.597059190543154,1.8901822905143142,4415.441329392981,281.5837763740872,-49.74372200226662,384.66083787375317,-67.95378602336416,208,0.002898550724637681,0.9971014492753624,3,3,False
od_07,motorbike,3.0,0.3445552331157987,11.70687690002884,motorbike-1,0,fastest,8.70687690002884,0.0,3627.8653750120166,231.8400543718206,0.0,316.707051850389,0.0,138,1.0,0.0,3,3,False
od_07,motorbike,3.0,0.3445552331157987,11.70687690002884,motorbike-2,1,AIRPATH alternative,8.849602511257377,0.14272561122853666,3687.3343796905733,235.80359188437217,-3.963537512551568,324.04868229367656,-7.341630443287556,163,0.25416666666666665,0.7458333333333333,3,3,False
od_07,motorbike,3.0,0.3445552331157987,11.70687690002884,motorbike-3,2,AIRPATH alternative,9.304484026919031,0.5976071268901908,3876.8683445495967,247.9978389670089,-16.157784595188303,338.99241722879356,-22.28536537840455,202,0.10749185667752444,0.8925081433224755,3,3,False
od_07,motorbike,3.0,0.3445552331157987,11.70687690002884,motorbike-4,3,AIRPATH alternative,10.597059190543154,1.8901822905143142,4415.441329392981,281.5837763740872,-49.74372200226662,384.66083787375317,-67.95378602336416,208,0.002898550724637681,0.9971014492753624,3,3,False
od_07,motorbike,5.0,0.5742587218596645,13.70687690002884,motorbike-1,0,fastest,8.70687690002884,0.0,3627.8653750120166,231.8400543718206,0.0,316.707051850389,0.0,138,1.0,0.0,5,3,False
od_07,motorbike,5.0,0.5742587218596645,13.70687690002884,motorbike-2,1,AIRPATH alternative,8.849602511257377,0.14272561122853666,3687.3343796905733,235.80359188437217,-3.963537512551568,324.04868229367656,-7.341630443287556,163,0.25416666666666665,0.7458333333333333,5,3,False
od_07,motorbike,5.0,0.5742587218596645,13.70687690002884,motorbike-3,2,AIRPATH alternative,9.304484026919031,0.5976071268901908,3876.8683445495967,247.9978389670089,-16.157784595188303,338.99241722879356,-22.28536537840455,202,0.10749185667752444,0.8925081433224755,5,3,False
od_07,motorbike,5.0,0.5742587218596645,13.70687690002884,motorbike-4,3,AIRPATH alternative,10.597059190543154,1.8901822905143142,4415.441329392981,281.5837763740872,-49.74372200226662,384.66083787375317,-67.95378602336416,208,0.002898550724637681,0.9971014492753624,5,3,False
od_07,motorbike,10.0,1.148517443719329,18.70687690002884,motorbike-1,0,fastest,8.70687690002884,0.0,3627.8653750120166,231.8400543718206,0.0,316.707051850389,0.0,138,1.0,0.0,7,3,False
od_07,motorbike,10.0,1.148517443719329,18.70687690002884,motorbike-2,1,AIRPATH alternative,8.849602511257377,0.14272561122853666,3687.3343796905733,235.80359188437217,-3.963537512551568,324.04868229367656,-7.341630443287556,163,0.25416666666666665,0.7458333333333333,7,3,False
od_07,motorbike,10.0,1.148517443719329,18.70687690002884,motorbike-3,2,AIRPATH alternative,9.304484026919031,0.5976071268901908,3876.8683445495967,247.9978389670089,-16.157784595188303,338.99241722879356,-22.28536537840455,202,0.10749185667752444,0.8925081433224755,7,3,False
od_07,motorbike,10.0,1.148517443719329,18.70687690002884,motorbike-4,3,AIRPATH alternative,10.597059190543154,1.8901822905143142,4415.441329392981,281.5837763740872,-49.74372200226662,384.66083787375317,-67.95378602336416,208,0.002898550724637681,0.9971014492753624,7,3,False
od_07,walking,0.0,0.0,36.12094162904502,walking-1,0,fastest,36.12094162904502,0.0,3010.078469087085,963.5440247405447,0.0,1322.4744643795232,0.0,119,1.0,0.0,0,3,True
od_07,walking,1.0,0.0276847710746249,37.12094162904502,walking-1,0,fastest,36.12094162904502,0.0,3010.078469087085,963.5440247405447,0.0,1322.4744643795232,0.0,119,1.0,0.0,3,3,False
od_07,walking,1.0,0.0276847710746249,37.12094162904502,walking-7,1,AIRPATH alternative,36.1888892987428,0.0679476696977801,3015.7407748952337,965.330185433743,-1.786160693198326,1324.8252028420177,-2.350738462494519,120,0.8968253968253969,0.10317460317460314,3,3,False
od_07,walking,1.0,0.0276847710746249,37.12094162904502,walking-8,2,AIRPATH alternative,36.190284484071505,0.06934285502648407,3015.8570403392914,965.3665268686308,-1.8225021280860574,1324.871776098802,-2.3973117192788322,120,0.912,0.08799999999999997,3,3,False
od_07,walking,1.0,0.0276847710746249,37.12094162904502,walking-2,3,AIRPATH alternative,36.62525905288091,0.5043174238358858,3052.1049210734086,977.063454343612,-13.519429603067238,1340.9370536569306,-18.46258927740746,128,0.06465517241379311,0.9353448275862069,3,3,False
od_07,walking,2.0,0.0553695421492498,38.12094162904502,walking-1,0,fastest,36.12094162904502,0.0,3010.078469087085,963.5440247405447,0.0,1322.4744643795232,0.0,119,1.0,0.0,3,3,False
od_07,walking,2.0,0.0553695421492498,38.12094162904502,walking-7,1,AIRPATH alternative,36.1888892987428,0.0679476696977801,3015.7407748952337,965.330185433743,-1.786160693198326,1324.8252028420177,-2.350738462494519,120,0.8968253968253969,0.10317460317460314,3,3,False
od_07,walking,2.0,0.0553695421492498,38.12094162904502,walking-8,2,AIRPATH alternative,36.190284484071505,0.06934285502648407,3015.8570403392914,965.3665268686308,-1.8225021280860574,1324.871776098802,-2.3973117192788322,120,0.912,0.08799999999999997,3,3,False
od_07,walking,2.0,0.0553695421492498,38.12094162904502,walking-2,3,AIRPATH alternative,36.62525905288091,0.5043174238358858,3052.1049210734086,977.063454343612,-13.519429603067238,1340.9370536569306,-18.46258927740746,128,0.06465517241379311,0.9353448275862069,3,3,False
od_07,walking,3.0,0.0830543132238747,39.12094162904502,walking-1,0,fastest,36.12094162904502,0.0,3010.078469087085,963.5440247405447,0.0,1322.4744643795232,0.0,119,1.0,0.0,3,3,False
od_07,walking,3.0,0.0830543132238747,39.12094162904502,walking-7,1,AIRPATH alternative,36.1888892987428,0.0679476696977801,3015.7407748952337,965.330185433743,-1.786160693198326,1324.8252028420177,-2.350738462494519,120,0.8968253968253969,0.10317460317460314,3,3,False
od_07,walking,3.0,0.0830543132238747,39.12094162904502,walking-8,2,AIRPATH alternative,36.190284484071505,0.06934285502648407,3015.8570403392914,965.3665268686308,-1.8225021280860574,1324.871776098802,-2.3973117192788322,120,0.912,0.08799999999999997,3,3,False
od_07,walking,3.0,0.0830543132238747,39.12094162904502,walking-2,3,AIRPATH alternative,36.62525905288091,0.5043174238358858,3052.1049210734086,977.063454343612,-13.519429603067238,1340.9370536569306,-18.46258927740746,128,0.06465517241379311,0.9353448275862069,3,3,False
od_07,walking,5.0,0.1384238553731245,41.12094162904502,walking-1,0,fastest,36.12094162904502,0.0,3010.078469087085,963.5440247405447,0.0,1322.4744643795232,0.0,119,1.0,0.0,3,3,False
od_07,walking,5.0,0.1384238553731245,41.12094162904502,walking-7,1,AIRPATH alternative,36.1888892987428,0.0679476696977801,3015.7407748952337,965.330185433743,-1.786160693198326,1324.8252028420177,-2.350738462494519,120,0.8968253968253969,0.10317460317460314,3,3,False
od_07,walking,5.0,0.1384238553731245,41.12094162904502,walking-8,2,AIRPATH alternative,36.190284484071505,0.06934285502648407,3015.8570403392914,965.3665268686308,-1.8225021280860574,1324.871776098802,-2.3973117192788322,120,0.912,0.08799999999999997,3,3,False
od_07,walking,5.0,0.1384238553731245,41.12094162904502,walking-2,3,AIRPATH alternative,36.62525905288091,0.5043174238358858,3052.1049210734086,977.063454343612,-13.519429603067238,1340.9370536569306,-18.46258927740746,128,0.06465517241379311,0.9353448275862069,3,3,False
od_07,walking,10.0,0.276847710746249,46.12094162904502,walking-1,0,fastest,36.12094162904502,0.0,3010.078469087085,963.5440247405447,0.0,1322.4744643795232,0.0,119,1.0,0.0,3,3,False
od_07,walking,10.0,0.276847710746249,46.12094162904502,walking-7,1,AIRPATH alternative,36.1888892987428,0.0679476696977801,3015.7407748952337,965.330185433743,-1.786160693198326,1324.8252028420177,-2.350738462494519,120,0.8968253968253969,0.10317460317460314,3,3,False
od_07,walking,10.0,0.276847710746249,46.12094162904502,walking-8,2,AIRPATH alternative,36.190284484071505,0.06934285502648407,3015.8570403392914,965.3665268686308,-1.8225021280860574,1324.871776098802,-2.3973117192788322,120,0.912,0.08799999999999997,3,3,False
od_07,walking,10.0,0.276847710746249,46.12094162904502,walking-2,3,AIRPATH alternative,36.62525905288091,0.5043174238358858,3052.1049210734086,977.063454343612,-13.519429603067238,1340.9370536569306,-18.46258927740746,128,0.06465517241379311,0.9353448275862069,3,3,False
od_08,motorbike,0.0,0.0,16.700945583245588,motorbike-1,0,fastest,16.700945583245588,0.0,6958.7273263523275,429.6715313640514,0.0,539.4089466786367,0.0,359,1.0,0.0,0,3,True
od_08,motorbike,1.0,0.059876849188898705,17.700945583245588,motorbike-1,0,fastest,16.700945583245588,0.0,6958.7273263523275,429.6715313640514,0.0,539.4089466786367,0.0,359,1.0,0.0,1,3,True
od_08,motorbike,1.0,0.059876849188898705,17.700945583245588,motorbike-2,1,AIRPATH alternative,17.317315869849722,0.6163702866041341,7215.548279104051,446.6925870761277,-17.021055712076304,563.3719283687201,-23.96298169008344,333,0.048484848484848485,0.9515151515151515,1,3,True
od_08,motorbike,2.0,0.11975369837779741,18.700945583245588,motorbike-1,0,fastest,16.700945583245588,0.0,6958.7273263523275,429.6715313640514,0.0,539.4089466786367,0.0,359,1.0,0.0,3,3,False
od_08,motorbike,2.0,0.11975369837779741,18.700945583245588,motorbike-2,1,AIRPATH alternative,17.317315869849722,0.6163702866041341,7215.548279104051,446.6925870761277,-17.021055712076304,563.3719283687201,-23.96298169008344,333,0.048484848484848485,0.9515151515151515,3,3,False
od_08,motorbike,2.0,0.11975369837779741,18.700945583245588,motorbike-4,2,AIRPATH alternative,18.18066616079358,1.4797205775479938,7575.277566997327,465.4623793826176,-35.79084801856618,578.698024489864,-39.289077811227344,315,0.03374233128834356,0.9662576687116564,3,3,False
od_08,motorbike,2.0,0.11975369837779741,18.700945583245588,motorbike-3,3,AIRPATH alternative,18.17597903134016,1.475033448094571,7573.324596391733,472.6948878224887,-43.02335645843726,601.0665303897835,-61.6575837111468,344,0.0014245014245014246,0.9985754985754985,3,3,False
od_08,motorbike,3.0,0.1796305475666961,19.700945583245588,motorbike-1,0,fastest,16.700945583245588,0.0,6958.7273263523275,429.6715313640514,0.0,539.4089466786367,0.0,359,1.0,0.0,3,3,False
od_08,motorbike,3.0,0.1796305475666961,19.700945583245588,motorbike-2,1,AIRPATH alternative,17.317315869849722,0.6163702866041341,7215.548279104051,446.6925870761277,-17.021055712076304,563.3719283687201,-23.96298169008344,333,0.048484848484848485,0.9515151515151515,3,3,False
od_08,motorbike,3.0,0.1796305475666961,19.700945583245588,motorbike-4,2,AIRPATH alternative,18.18066616079358,1.4797205775479938,7575.277566997327,465.4623793826176,-35.79084801856618,578.698024489864,-39.289077811227344,315,0.03374233128834356,0.9662576687116564,3,3,False
od_08,motorbike,3.0,0.1796305475666961,19.700945583245588,motorbike-3,3,AIRPATH alternative,18.17597903134016,1.475033448094571,7573.324596391733,472.6948878224887,-43.02335645843726,601.0665303897835,-61.6575837111468,344,0.0014245014245014246,0.9985754985754985,3,3,False
od_08,motorbike,5.0,0.29938424594449353,21.700945583245588,motorbike-1,0,fastest,16.700945583245588,0.0,6958.7273263523275,429.6715313640514,0.0,539.4089466786367,0.0,359,1.0,0.0,5,3,False
od_08,motorbike,5.0,0.29938424594449353,21.700945583245588,motorbike-2,1,AIRPATH alternative,17.317315869849722,0.6163702866041341,7215.548279104051,446.6925870761277,-17.021055712076304,563.3719283687201,-23.96298169008344,333,0.048484848484848485,0.9515151515151515,5,3,False
od_08,motorbike,5.0,0.29938424594449353,21.700945583245588,motorbike-4,2,AIRPATH alternative,18.18066616079358,1.4797205775479938,7575.277566997327,465.4623793826176,-35.79084801856618,578.698024489864,-39.289077811227344,315,0.03374233128834356,0.9662576687116564,5,3,False
od_08,motorbike,5.0,0.29938424594449353,21.700945583245588,motorbike-3,3,AIRPATH alternative,18.17597903134016,1.475033448094571,7573.324596391733,472.6948878224887,-43.02335645843726,601.0665303897835,-61.6575837111468,344,0.0014245014245014246,0.9985754985754985,5,3,False
od_08,motorbike,10.0,0.5987684918889871,26.700945583245588,motorbike-1,0,fastest,16.700945583245588,0.0,6958.7273263523275,429.6715313640514,0.0,539.4089466786367,0.0,359,1.0,0.0,7,3,False
od_08,motorbike,10.0,0.5987684918889871,26.700945583245588,motorbike-2,1,AIRPATH alternative,17.317315869849722,0.6163702866041341,7215.548279104051,446.6925870761277,-17.021055712076304,563.3719283687201,-23.96298169008344,333,0.048484848484848485,0.9515151515151515,7,3,False
od_08,motorbike,10.0,0.5987684918889871,26.700945583245588,motorbike-4,2,AIRPATH alternative,18.18066616079358,1.4797205775479938,7575.277566997327,465.4623793826176,-35.79084801856618,578.698024489864,-39.289077811227344,315,0.03374233128834356,0.9662576687116564,7,3,False
od_08,motorbike,10.0,0.5987684918889871,26.700945583245588,motorbike-3,3,AIRPATH alternative,18.17597903134016,1.475033448094571,7573.324596391733,472.6948878224887,-43.02335645843726,601.0665303897835,-61.6575837111468,344,0.0014245014245014246,0.9985754985754985,7,3,False
od_08,walking,0.0,0.0,82.44427460179587,walking-1,0,fastest,82.44427460179587,0.0,6870.356216816323,2122.3686317194865,0.0,2536.0399494045337,0.0,346,1.0,0.0,0,3,True
od_08,walking,1.0,0.012129405041526282,83.44427460179587,walking-1,0,fastest,82.44427460179587,0.0,6870.356216816323,2122.3686317194865,0.0,2536.0399494045337,0.0,346,1.0,0.0,2,3,True
od_08,walking,1.0,0.012129405041526282,83.44427460179587,walking-7,1,AIRPATH alternative,82.44578511957015,0.0015105177742782416,6870.482093297512,2122.407602338905,-0.03897061941825086,2536.085977675332,-0.04602827079816052,346,0.9438202247191011,0.0561797752808989,2,3,True
od_08,walking,1.0,0.012129405041526282,83.44427460179587,walking-8,2,AIRPATH alternative,82.45539441217315,0.011119810377280714,6871.282867681097,2122.660637279299,-0.2920055598124236,2536.4232346812423,-0.38328527670864787,346,0.9885057471264368,0.011494252873563204,2,3,True
od_08,walking,2.0,0.024258810083052564,84.44427460179587,walking-1,0,fastest,82.44427460179587,0.0,6870.356216816323,2122.3686317194865,0.0,2536.0399494045337,0.0,346,1.0,0.0,2,3,True
od_08,walking,2.0,0.024258810083052564,84.44427460179587,walking-7,1,AIRPATH alternative,82.44578511957015,0.0015105177742782416,6870.482093297512,2122.407602338905,-0.03897061941825086,2536.085977675332,-0.04602827079816052,346,0.9438202247191011,0.0561797752808989,2,3,True
od_08,walking,2.0,0.024258810083052564,84.44427460179587,walking-8,2,AIRPATH alternative,82.45539441217315,0.011119810377280714,6871.282867681097,2122.660637279299,-0.2920055598124236,2536.4232346812423,-0.38328527670864787,346,0.9885057471264368,0.011494252873563204,2,3,True
od_08,walking,3.0,0.03638821512457885,85.44427460179587,walking-1,0,fastest,82.44427460179587,0.0,6870.356216816323,2122.3686317194865,0.0,2536.0399494045337,0.0,346,1.0,0.0,3,3,False
od_08,walking,3.0,0.03638821512457885,85.44427460179587,walking-7,1,AIRPATH alternative,82.44578511957015,0.0015105177742782416,6870.482093297512,2122.407602338905,-0.03897061941825086,2536.085977675332,-0.04602827079816052,346,0.9438202247191011,0.0561797752808989,3,3,False
od_08,walking,3.0,0.03638821512457885,85.44427460179587,walking-8,2,AIRPATH alternative,82.45539441217315,0.011119810377280714,6871.282867681097,2122.660637279299,-0.2920055598124236,2536.4232346812423,-0.38328527670864787,346,0.9885057471264368,0.011494252873563204,3,3,False
od_08,walking,3.0,0.03638821512457885,85.44427460179587,walking-2,3,AIRPATH alternative,84.79863254678656,2.3543579449906957,7066.552712232213,2213.9000378349106,-91.53140611542403,2689.7513944932407,-153.71144508870702,281,0.00966183574879227,0.9903381642512077,3,3,False
od_08,walking,5.0,0.06064702520763141,87.44427460179587,walking-1,0,fastest,82.44427460179587,0.0,6870.356216816323,2122.3686317194865,0.0,2536.0399494045337,0.0,346,1.0,0.0,4,3,False
od_08,walking,5.0,0.06064702520763141,87.44427460179587,walking-7,1,AIRPATH alternative,82.44578511957015,0.0015105177742782416,6870.482093297512,2122.407602338905,-0.03897061941825086,2536.085977675332,-0.04602827079816052,346,0.9438202247191011,0.0561797752808989,4,3,False
od_08,walking,5.0,0.06064702520763141,87.44427460179587,walking-8,2,AIRPATH alternative,82.45539441217315,0.011119810377280714,6871.282867681097,2122.660637279299,-0.2920055598124236,2536.4232346812423,-0.38328527670864787,346,0.9885057471264368,0.011494252873563204,4,3,False
od_08,walking,5.0,0.06064702520763141,87.44427460179587,walking-2,3,AIRPATH alternative,84.79863254678656,2.3543579449906957,7066.552712232213,2213.9000378349106,-91.53140611542403,2689.7513944932407,-153.71144508870702,281,0.00966183574879227,0.9903381642512077,4,3,False
od_08,walking,10.0,0.12129405041526282,92.44427460179587,walking-1,0,fastest,82.44427460179587,0.0,6870.356216816323,2122.3686317194865,0.0,2536.0399494045337,0.0,346,1.0,0.0,5,3,False
od_08,walking,10.0,0.12129405041526282,92.44427460179587,walking-7,1,AIRPATH alternative,82.44578511957015,0.0015105177742782416,6870.482093297512,2122.407602338905,-0.03897061941825086,2536.085977675332,-0.04602827079816052,346,0.9438202247191011,0.0561797752808989,5,3,False
od_08,walking,10.0,0.12129405041526282,92.44427460179587,walking-8,2,AIRPATH alternative,82.45539441217315,0.011119810377280714,6871.282867681097,2122.660637279299,-0.2920055598124236,2536.4232346812423,-0.38328527670864787,346,0.9885057471264368,0.011494252873563204,5,3,False
od_08,walking,10.0,0.12129405041526282,92.44427460179587,walking-2,3,AIRPATH alternative,84.79863254678656,2.3543579449906957,7066.552712232213,2213.9000378349106,-91.53140611542403,2689.7513944932407,-153.71144508870702,281,0.00966183574879227,0.9903381642512077,5,3,False
od_09,motorbike,0.0,0.0,9.921896735442521,motorbike-1,0,fastest,9.921896735442521,0.0,4134.123639767717,227.65398072470325,0.0,257.2031686150781,0.0,158,1.0,0.0,0,3,True
od_09,motorbike,1.0,0.10078718078448128,10.921896735442521,motorbike-1,0,fastest,9.921896735442521,0.0,4134.123639767717,227.65398072470325,0.0,257.2031686150781,0.0,158,1.0,0.0,1,3,True
od_09,motorbike,1.0,0.10078718078448128,10.921896735442521,motorbike-2,1,AIRPATH alternative,10.893498897969183,0.9716021625266613,4538.957874153826,260.28811010268197,-32.634129377978724,305.5387913431755,-48.335622728097405,218,0.010752688172043012,0.989247311827957,1,3,True
od_09,motorbike,2.0,0.20157436156896255,11.921896735442521,motorbike-1,0,fastest,9.921896735442521,0.0,4134.123639767717,227.65398072470325,0.0,257.2031686150781,0.0,158,1.0,0.0,2,3,True
od_09,motorbike,2.0,0.20157436156896255,11.921896735442521,motorbike-3,1,AIRPATH alternative,10.931001491360725,1.0091047559182034,4554.583954733635,256.58610210362554,-28.93212137892229,296.78410060250576,-39.580931987427675,192,0.13636363636363635,0.8636363636363636,2,3,True
od_09,motorbike,2.0,0.20157436156896255,11.921896735442521,motorbike-2,2,AIRPATH alternative,10.893498897969183,0.9716021625266613,4538.957874153826,260.28811010268197,-32.634129377978724,305.5387913431755,-48.335622728097405,218,0.010752688172043012,0.989247311827957,2,3,True
od_09,motorbike,3.0,0.3023615423534438,12.921896735442521,motorbike-1,0,fastest,9.921896735442521,0.0,4134.123639767717,227.65398072470325,0.0,257.2031686150781,0.0,158,1.0,0.0,3,3,False
od_09,motorbike,3.0,0.3023615423534438,12.921896735442521,motorbike-3,1,AIRPATH alternative,10.931001491360725,1.0091047559182034,4554.583954733635,256.58610210362554,-28.93212137892229,296.78410060250576,-39.580931987427675,192,0.13636363636363635,0.8636363636363636,3,3,False
od_09,motorbike,3.0,0.3023615423534438,12.921896735442521,motorbike-2,2,AIRPATH alternative,10.893498897969183,0.9716021625266613,4538.957874153826,260.28811010268197,-32.634129377978724,305.5387913431755,-48.335622728097405,218,0.010752688172043012,0.989247311827957,3,3,False
od_09,motorbike,3.0,0.3023615423534438,12.921896735442521,motorbike-4,3,AIRPATH alternative,12.682186525289175,2.760289789846654,5284.244385537157,290.63622808324266,-62.98224735853941,327.7968842749196,-70.59371565984151,179,0.053125,0.946875,3,3,False
od_09,motorbike,5.0,0.5039359039224064,14.921896735442521,motorbike-1,0,fastest,9.921896735442521,0.0,4134.123639767717,227.65398072470325,0.0,257.2031686150781,0.0,158,1.0,0.0,4,3,False
od_09,motorbike,5.0,0.5039359039224064,14.921896735442521,motorbike-3,1,AIRPATH alternative,10.931001491360725,1.0091047559182034,4554.583954733635,256.58610210362554,-28.93212137892229,296.78410060250576,-39.580931987427675,192,0.13636363636363635,0.8636363636363636,4,3,False
od_09,motorbike,5.0,0.5039359039224064,14.921896735442521,motorbike-2,2,AIRPATH alternative,10.893498897969183,0.9716021625266613,4538.957874153826,260.28811010268197,-32.634129377978724,305.5387913431755,-48.335622728097405,218,0.010752688172043012,0.989247311827957,4,3,False
od_09,motorbike,5.0,0.5039359039224064,14.921896735442521,motorbike-4,3,AIRPATH alternative,12.682186525289175,2.760289789846654,5284.244385537157,290.63622808324266,-62.98224735853941,327.7968842749196,-70.59371565984151,179,0.053125,0.946875,4,3,False
od_09,motorbike,10.0,1.0078718078448128,19.921896735442523,motorbike-1,0,fastest,9.921896735442521,0.0,4134.123639767717,227.65398072470325,0.0,257.2031686150781,0.0,158,1.0,0.0,6,3,False
od_09,motorbike,10.0,1.0078718078448128,19.921896735442523,motorbike-3,1,AIRPATH alternative,10.931001491360725,1.0091047559182034,4554.583954733635,256.58610210362554,-28.93212137892229,296.78410060250576,-39.580931987427675,192,0.13636363636363635,0.8636363636363636,6,3,False
od_09,motorbike,10.0,1.0078718078448128,19.921896735442523,motorbike-2,2,AIRPATH alternative,10.893498897969183,0.9716021625266613,4538.957874153826,260.28811010268197,-32.634129377978724,305.5387913431755,-48.335622728097405,218,0.010752688172043012,0.989247311827957,6,3,False
od_09,motorbike,10.0,1.0078718078448128,19.921896735442523,motorbike-4,3,AIRPATH alternative,12.682186525289175,2.760289789846654,5284.244385537157,290.63622808324266,-62.98224735853941,327.7968842749196,-70.59371565984151,179,0.053125,0.946875,6,3,False
od_09,walking,0.0,0.0,44.57985461725738,walking-1,0,fastest,44.57985461725738,0.0,3714.987884771448,1004.3434054282648,0.0,1115.931158650744,0.0,100,1.0,0.0,0,3,True
od_09,walking,1.0,0.022431656823144693,45.57985461725738,walking-1,0,fastest,44.57985461725738,0.0,3714.987884771448,1004.3434054282648,0.0,1115.931158650744,0.0,100,1.0,0.0,2,3,True
od_09,walking,1.0,0.022431656823144693,45.57985461725738,walking-8,1,AIRPATH alternative,44.59181199589757,0.011957378640190086,3715.9843329914643,1004.5244589078458,-0.18105347958100992,1115.9798431567185,-0.048684505974506465,103,0.897196261682243,0.10280373831775702,2,3,True
od_09,walking,1.0,0.022431656823144693,45.57985461725738,walking-7,2,AIRPATH alternative,44.59035618837118,0.010501571113799457,3715.8630156975987,1004.6142029513264,-0.27079752306167393,1116.2489614956082,-0.31780284486421806,100,0.9607843137254902,0.039215686274509776,2,3,True
od_09,walking,2.0,0.044863313646289385,46.57985461725738,walking-1,0,fastest,44.57985461725738,0.0,3714.987884771448,1004.3434054282648,0.0,1115.931158650744,0.0,100,1.0,0.0,2,3,True
od_09,walking,2.0,0.044863313646289385,46.57985461725738,walking-8,1,AIRPATH alternative,44.59181199589757,0.011957378640190086,3715.9843329914643,1004.5244589078458,-0.18105347958100992,1115.9798431567185,-0.048684505974506465,103,0.897196261682243,0.10280373831775702,2,3,True
od_09,walking,2.0,0.044863313646289385,46.57985461725738,walking-7,2,AIRPATH alternative,44.59035618837118,0.010501571113799457,3715.8630156975987,1004.6142029513264,-0.27079752306167393,1116.2489614956082,-0.31780284486421806,100,0.9607843137254902,0.039215686274509776,2,3,True
od_09,walking,3.0,0.06729497046943408,47.57985461725738,walking-1,0,fastest,44.57985461725738,0.0,3714.987884771448,1004.3434054282648,0.0,1115.931158650744,0.0,100,1.0,0.0,2,3,True
od_09,walking,3.0,0.06729497046943408,47.57985461725738,walking-8,1,AIRPATH alternative,44.59181199589757,0.011957378640190086,3715.9843329914643,1004.5244589078458,-0.18105347958100992,1115.9798431567185,-0.048684505974506465,103,0.897196261682243,0.10280373831775702,2,3,True
od_09,walking,3.0,0.06729497046943408,47.57985461725738,walking-7,2,AIRPATH alternative,44.59035618837118,0.010501571113799457,3715.8630156975987,1004.6142029513264,-0.27079752306167393,1116.2489614956082,-0.31780284486421806,100,0.9607843137254902,0.039215686274509776,2,3,True
od_09,walking,5.0,0.11215828411572347,49.57985461725738,walking-1,0,fastest,44.57985461725738,0.0,3714.987884771448,1004.3434054282648,0.0,1115.931158650744,0.0,100,1.0,0.0,3,3,False
od_09,walking,5.0,0.11215828411572347,49.57985461725738,walking-8,1,AIRPATH alternative,44.59181199589757,0.011957378640190086,3715.9843329914643,1004.5244589078458,-0.18105347958100992,1115.9798431567185,-0.048684505974506465,103,0.897196261682243,0.10280373831775702,3,3,False
od_09,walking,5.0,0.11215828411572347,49.57985461725738,walking-7,2,AIRPATH alternative,44.59035618837118,0.010501571113799457,3715.8630156975987,1004.6142029513264,-0.27079752306167393,1116.2489614956082,-0.31780284486421806,100,0.9607843137254902,0.039215686274509776,3,3,False
od_09,walking,5.0,0.11215828411572347,49.57985461725738,walking-2,3,AIRPATH alternative,47.93497281621638,3.3551181989589978,3994.5810680180316,1103.033174949045,-98.68976952078015,1250.9884975274597,-135.05733887671568,155,0.0944206008583691,0.9055793991416309,3,3,False
od_09,walking,10.0,0.22431656823144694,54.57985461725738,walking-1,0,fastest,44.57985461725738,0.0,3714.987884771448,1004.3434054282648,0.0,1115.931158650744,0.0,100,1.0,0.0,5,3,False
od_09,walking,10.0,0.22431656823144694,54.57985461725738,walking-8,1,AIRPATH alternative,44.59181199589757,0.011957378640190086,3715.9843329914643,1004.5244589078458,-0.18105347958100992,1115.9798431567185,-0.048684505974506465,103,0.897196261682243,0.10280373831775702,5,3,False
od_09,walking,10.0,0.22431656823144694,54.57985461725738,walking-7,2,AIRPATH alternative,44.59035618837118,0.010501571113799457,3715.8630156975987,1004.6142029513264,-0.27079752306167393,1116.2489614956082,-0.31780284486421806,100,0.9607843137254902,0.039215686274509776,5,3,False
od_09,walking,10.0,0.22431656823144694,54.57985461725738,walking-2,3,AIRPATH alternative,47.93497281621638,3.3551181989589978,3994.5810680180316,1103.033174949045,-98.68976952078015,1250.9884975274597,-135.05733887671568,155,0.0944206008583691,0.9055793991416309,5,3,False
od_10,motorbike,0.0,0.0,10.045650330099813,motorbike-1,0,fastest,10.045650330099813,0.0,4185.687637541589,265.26484096987997,0.0,371.1718338540861,0.0,164,1.0,0.0,0,3,True
od_10,motorbike,1.0,0.09954557118155874,11.045650330099813,motorbike-1,0,fastest,10.045650330099813,0.0,4185.687637541589,265.26484096987997,0.0,371.1718338540861,0.0,164,1.0,0.0,1,3,True
od_10,motorbike,1.0,0.09954557118155874,11.045650330099813,motorbike-2,1,AIRPATH alternative,10.547592507422667,0.5019421773228547,4394.830211426111,278.71237892035117,-13.447537950471201,389.57567861530015,-18.40384476121403,164,0.08609271523178808,0.9139072847682119,1,3,True
od_10,motorbike,2.0,0.19909114236311748,12.045650330099813,motorbike-1,0,fastest,10.045650330099813,0.0,4185.687637541589,265.26484096987997,0.0,371.1718338540861,0.0,164,1.0,0.0,2,3,True
od_10,motorbike,2.0,0.19909114236311748,12.045650330099813,motorbike-2,1,AIRPATH alternative,10.547592507422667,0.5019421773228547,4394.830211426111,278.71237892035117,-13.447537950471201,389.57567861530015,-18.40384476121403,164,0.08609271523178808,0.9139072847682119,2,3,True
od_10,motorbike,2.0,0.19909114236311748,12.045650330099813,motorbike-3,2,AIRPATH alternative,11.171412324239874,1.1257619941400616,4654.755135099948,296.4315645901393,-31.166723620259347,415.78417334564193,-44.612339491555815,229,0.02610966057441253,0.9738903394255874,2,3,True
od_10,motorbike,3.0,0.29863671354467625,13.045650330099813,motorbike-1,0,fastest,10.045650330099813,0.0,4185.687637541589,265.26484096987997,0.0,371.1718338540861,0.0,164,1.0,0.0,3,3,False
od_10,motorbike,3.0,0.29863671354467625,13.045650330099813,motorbike-2,1,AIRPATH alternative,10.547592507422667,0.5019421773228547,4394.830211426111,278.71237892035117,-13.447537950471201,389.57567861530015,-18.40384476121403,164,0.08609271523178808,0.9139072847682119,3,3,False
od_10,motorbike,3.0,0.29863671354467625,13.045650330099813,motorbike-3,2,AIRPATH alternative,11.171412324239874,1.1257619941400616,4654.755135099948,296.4315645901393,-31.166723620259347,415.78417334564193,-44.612339491555815,229,0.02610966057441253,0.9738903394255874,3,3,False
od_10,motorbike,3.0,0.29863671354467625,13.045650330099813,motorbike-4,3,AIRPATH alternative,12.928459270170727,2.8828089400709143,5386.858029237803,340.44423644304436,-75.17939547316439,476.303932273649,-105.13209841956291,220,0.005235602094240838,0.9947643979057592,3,3,False
od_10,motorbike,5.0,0.4977278559077937,15.045650330099813,motorbike-1,0,fastest,10.045650330099813,0.0,4185.687637541589,265.26484096987997,0.0,371.1718338540861,0.0,164,1.0,0.0,7,3,False
od_10,motorbike,5.0,0.4977278559077937,15.045650330099813,motorbike-2,1,AIRPATH alternative,10.547592507422667,0.5019421773228547,4394.830211426111,278.71237892035117,-13.447537950471201,389.57567861530015,-18.40384476121403,164,0.08609271523178808,0.9139072847682119,7,3,False
od_10,motorbike,5.0,0.4977278559077937,15.045650330099813,motorbike-3,2,AIRPATH alternative,11.171412324239874,1.1257619941400616,4654.755135099948,296.4315645901393,-31.166723620259347,415.78417334564193,-44.612339491555815,229,0.02610966057441253,0.9738903394255874,7,3,False
od_10,motorbike,5.0,0.4977278559077937,15.045650330099813,motorbike-4,3,AIRPATH alternative,12.928459270170727,2.8828089400709143,5386.858029237803,340.44423644304436,-75.17939547316439,476.303932273649,-105.13209841956291,220,0.005235602094240838,0.9947643979057592,7,3,False
od_10,motorbike,10.0,0.9954557118155875,20.04565033009981,motorbike-1,0,fastest,10.045650330099813,0.0,4185.687637541589,265.26484096987997,0.0,371.1718338540861,0.0,164,1.0,0.0,7,3,False
od_10,motorbike,10.0,0.9954557118155875,20.04565033009981,motorbike-2,1,AIRPATH alternative,10.547592507422667,0.5019421773228547,4394.830211426111,278.71237892035117,-13.447537950471201,389.57567861530015,-18.40384476121403,164,0.08609271523178808,0.9139072847682119,7,3,False
od_10,motorbike,10.0,0.9954557118155875,20.04565033009981,motorbike-3,2,AIRPATH alternative,11.171412324239874,1.1257619941400616,4654.755135099948,296.4315645901393,-31.166723620259347,415.78417334564193,-44.612339491555815,229,0.02610966057441253,0.9738903394255874,7,3,False
od_10,motorbike,10.0,0.9954557118155875,20.04565033009981,motorbike-4,3,AIRPATH alternative,12.928459270170727,2.8828089400709143,5386.858029237803,340.44423644304436,-75.17939547316439,476.303932273649,-105.13209841956291,220,0.005235602094240838,0.9947643979057592,7,3,False
od_10,walking,0.0,0.0,50.22825165049906,walking-1,0,fastest,50.22825165049906,0.0,4185.687637541589,1326.3242048494005,0.0,1855.8591692704306,0.0,164,1.0,0.0,0,3,True
od_10,walking,1.0,0.01990911423631175,51.22825165049906,walking-1,0,fastest,50.22825165049906,0.0,4185.687637541589,1326.3242048494005,0.0,1855.8591692704306,0.0,164,1.0,0.0,3,3,False
od_10,walking,1.0,0.01990911423631175,51.22825165049906,walking-6,1,AIRPATH alternative,50.258650494465535,0.03039884396647352,4188.220874538794,1327.1182581042376,-0.7940532548370811,1856.9506227618615,-1.0914534914309115,162,0.963855421686747,0.03614457831325302,3,3,False
od_10,walking,1.0,0.01990911423631175,51.22825165049906,walking-7,2,AIRPATH alternative,50.26112764542989,0.03287599493082638,4188.427303785825,1327.181118060951,-0.8569132115503635,1857.0414873390878,-1.182318068657196,161,0.9461077844311377,0.053892215568862256,3,3,False
od_10,walking,1.0,0.01990911423631175,51.22825165049906,walking-8,3,AIRPATH alternative,50.294301148538594,0.06604949803953275,4191.191762378216,1328.1201853503549,-1.7959805009543288,1858.2557470112622,-2.396577740831617,171,0.6666666666666666,0.33333333333333337,3,3,False
od_10,walking,2.0,0.0398182284726235,52.22825165049906,walking-1,0,fastest,50.22825165049906,0.0,4185.687637541589,1326.3242048494005,0.0,1855.8591692704306,0.0,164,1.0,0.0,3,3,False
od_10,walking,2.0,0.0398182284726235,52.22825165049906,walking-6,1,AIRPATH alternative,50.258650494465535,0.03039884396647352,4188.220874538794,1327.1182581042376,-0.7940532548370811,1856.9506227618615,-1.0914534914309115,162,0.963855421686747,0.03614457831325302,3,3,False
od_10,walking,2.0,0.0398182284726235,52.22825165049906,walking-7,2,AIRPATH alternative,50.26112764542989,0.03287599493082638,4188.427303785825,1327.181118060951,-0.8569132115503635,1857.0414873390878,-1.182318068657196,161,0.9461077844311377,0.053892215568862256,3,3,False
od_10,walking,2.0,0.0398182284726235,52.22825165049906,walking-8,3,AIRPATH alternative,50.294301148538594,0.06604949803953275,4191.191762378216,1328.1201853503549,-1.7959805009543288,1858.2557470112622,-2.396577740831617,171,0.6666666666666666,0.33333333333333337,3,3,False
od_10,walking,3.0,0.05972734270893525,53.22825165049906,walking-1,0,fastest,50.22825165049906,0.0,4185.687637541589,1326.3242048494005,0.0,1855.8591692704306,0.0,164,1.0,0.0,5,3,False
od_10,walking,3.0,0.05972734270893525,53.22825165049906,walking-6,1,AIRPATH alternative,50.258650494465535,0.03039884396647352,4188.220874538794,1327.1182581042376,-0.7940532548370811,1856.9506227618615,-1.0914534914309115,162,0.963855421686747,0.03614457831325302,5,3,False
od_10,walking,3.0,0.05972734270893525,53.22825165049906,walking-7,2,AIRPATH alternative,50.26112764542989,0.03287599493082638,4188.427303785825,1327.181118060951,-0.8569132115503635,1857.0414873390878,-1.182318068657196,161,0.9461077844311377,0.053892215568862256,5,3,False
od_10,walking,3.0,0.05972734270893525,53.22825165049906,walking-8,3,AIRPATH alternative,50.294301148538594,0.06604949803953275,4191.191762378216,1328.1201853503549,-1.7959805009543288,1858.2557470112622,-2.396577740831617,171,0.6666666666666666,0.33333333333333337,5,3,False
od_10,walking,5.0,0.09954557118155875,55.22825165049906,walking-1,0,fastest,50.22825165049906,0.0,4185.687637541589,1326.3242048494005,0.0,1855.8591692704306,0.0,164,1.0,0.0,5,3,False
od_10,walking,5.0,0.09954557118155875,55.22825165049906,walking-6,1,AIRPATH alternative,50.258650494465535,0.03039884396647352,4188.220874538794,1327.1182581042376,-0.7940532548370811,1856.9506227618615,-1.0914534914309115,162,0.963855421686747,0.03614457831325302,5,3,False
od_10,walking,5.0,0.09954557118155875,55.22825165049906,walking-7,2,AIRPATH alternative,50.26112764542989,0.03287599493082638,4188.427303785825,1327.181118060951,-0.8569132115503635,1857.0414873390878,-1.182318068657196,161,0.9461077844311377,0.053892215568862256,5,3,False
od_10,walking,5.0,0.09954557118155875,55.22825165049906,walking-8,3,AIRPATH alternative,50.294301148538594,0.06604949803953275,4191.191762378216,1328.1201853503549,-1.7959805009543288,1858.2557470112622,-2.396577740831617,171,0.6666666666666666,0.33333333333333337,5,3,False
od_10,walking,10.0,0.1990911423631175,60.22825165049906,walking-1,0,fastest,50.22825165049906,0.0,4185.687637541589,1326.3242048494005,0.0,1855.8591692704306,0.0,164,1.0,0.0,6,3,False
od_10,walking,10.0,0.1990911423631175,60.22825165049906,walking-6,1,AIRPATH alternative,50.258650494465535,0.03039884396647352,4188.220874538794,1327.1182581042376,-0.7940532548370811,1856.9506227618615,-1.0914534914309115,162,0.963855421686747,0.03614457831325302,6,3,False
od_10,walking,10.0,0.1990911423631175,60.22825165049906,walking-7,2,AIRPATH alternative,50.26112764542989,0.03287599493082638,4188.427303785825,1327.181118060951,-0.8569132115503635,1857.0414873390878,-1.182318068657196,161,0.9461077844311377,0.053892215568862256,6,3,False
od_10,walking,10.0,0.1990911423631175,60.22825165049906,walking-8,3,AIRPATH alternative,50.294301148538594,0.06604949803953275,4191.191762378216,1328.1201853503549,-1.7959805009543288,1858.2557470112622,-2.396577740831617,171,0.6666666666666666,0.33333333333333337,6,3,False
