scenario_id,route_id,mode,pipeline_mode,segment_index,segment_id,eta,mapped_target_time,mapping_method,forecast_horizon_hours,latitude,longitude,segment_duration_minutes,pm25_estimate,exposure_contribution,contribution_fraction,nearest_station_distance_km,second_nearest_station_distance_km,contributing_station_count,maximum_idw_weight,effective_station_count,reliability_status
s2_to_s6,motorbike-1,motorbike,oracle_exposure,24,32578536:1:r,2022-02-28T06:01:37.625669963,2022-02-28T07:00:00,ceiling_to_next_hour_no_interpolation,2,10.74727965,106.620165,0.28953459253791264,45.19309354603944,13.084963925380299,0.01922993404472582,0.7758125673318681,5.6608967453404215,6,0.700916633635365,1.9517865831407608,supported
s2_to_s6,motorbike-1,motorbike,oracle_exposure,274,680569918:6:f,2022-02-28T06:17:17.587859760,2022-02-28T07:00:00,ceiling_to_next_hour_no_interpolation,2,10.7801838,106.6584301,0.36819407241328234,33.28174968287311,12.254142952776519,0.018008942332615976,0.11674219152351317,3.2371556583288035,6,0.9117401403467864,1.2001747454759668,supported
s2_to_s6,motorbike-1,motorbike,oracle_exposure,22,32578536:3:r,2022-02-28T06:01:17.125852275,2022-02-28T07:00:00,ceiling_to_next_hour_no_interpolation,2,10.7460009,106.62022685,0.2385454680449676,45.818853096227706,10.92987975712325,0.016062777707669937,0.6535516262248425,5.749581134643254,6,0.7378874696246114,1.7837473485749953,supported
s2_to_s6,motorbike-1,motorbike,oracle_exposure,269,680569918:1:f,2022-02-28T06:16:37.174453593,2022-02-28T07:00:00,ceiling_to_next_hour_no_interpolation,2,10.77831525,106.656703,0.31213139436143794,33.36209942040852,10.413358610917031,0.01530368753127397,0.38477310431000394,3.4047736302723672,6,0.7611361583789097,1.6854045162543247,supported
s2_to_s6,motorbike-1,motorbike,oracle_exposure,17,235097264:4:r,2022-02-28T06:00:47.769670449,2022-02-28T07:00:00,ceiling_to_next_hour_no_interpolation,2,10.74479465,106.61911515,0.21984515255388334,46.85614358661108,10.301096034885177,0.015138704123975747,0.4771919344590909,5.929553861374707,6,0.7974546193571816,1.5491196169894108,supported
s2_to_s6,motorbike-1,motorbike,predicted_exposure,274,680569918:6:f,2022-02-28T06:17:17.587859760,2022-02-28T07:00:00,ceiling_to_next_hour_no_interpolation,2,10.7801838,106.6584301,0.36819407241328234,26.63268424580108,9.805996471758567,0.02170806280977164,0.11674219152351317,3.2371556583288035,6,0.9117401403467864,1.2001747454759668,supported
s2_to_s6,motorbike-1,motorbike,predicted_exposure,269,680569918:1:f,2022-02-28T06:16:37.174453593,2022-02-28T07:00:00,ceiling_to_next_hour_no_interpolation,2,10.77831525,106.656703,0.31213139436143794,26.331580939993042,8.21891307454109,0.0181946507694587,0.38477310431000394,3.4047736302723672,6,0.7611361583789097,1.6854045162543247,supported
s2_to_s6,motorbike-1,motorbike,predicted_exposure,266,408212916:13:f,2022-02-28T06:16:14.578109401,2022-02-28T07:00:00,ceiling_to_next_hour_no_interpolation,2,10.77712375,106.65632825,0.28105554934502197,26.221404929962457,7.369671367188865,0.0163146386384148,0.505423329359402,3.4398423668420013,6,0.709023164148208,1.9104002276763092,supported
s2_to_s6,motorbike-1,motorbike,predicted_exposure,24,32578536:1:r,2022-02-28T06:01:37.625669963,2022-02-28T07:00:00,ceiling_to_next_hour_no_interpolation,2,10.74727965,106.620165,0.28953459253791264,24.70868407940527,7.154018777078614,0.015837236878717475,0.7758125673318681,5.6608967453404215,6,0.700916633635365,1.9517865831407608,supported
s2_to_s6,motorbike-1,motorbike,predicted_exposure,263,32584525:0:r,2022-02-28T06:15:56.403114711,2022-02-28T07:00:00,ceiling_to_next_hour_no_interpolation,2,10.7761674,106.65606450000001,0.2439525524967189,26.14025581405746,6.376982128756515,0.014117068977795773,0.6053634629117658,3.4676969657613146,6,0.6712268770899593,2.09650657419891,supported
s2_to_s6,motorbike-2,motorbike,oracle_exposure,24,32578536:1:r,2022-02-28T06:01:37.625669963,2022-02-28T07:00:00,ceiling_to_next_hour_no_interpolation,2,10.74727965,106.620165,0.28953459253791264,45.19309354603944,13.084963925380299,0.019226108056398766,0.7758125673318681,5.6608967453404215,6,0.700916633635365,1.9517865831407608,supported
s2_to_s6,motorbike-2,motorbike,oracle_exposure,273,680569918:6:f,2022-02-28T06:17:17.760818026,2022-02-28T07:00:00,ceiling_to_next_hour_no_interpolation,2,10.7801838,106.6584301,0.36819407241328234,33.28174968287311,12.254142952776519,0.018005359272841207,0.11674219152351317,3.2371556583288035,6,0.9117401403467864,1.2001747454759668,supported
s2_to_s6,motorbike-2,motorbike,oracle_exposure,22,32578536:3:r,2022-02-28T06:01:17.125852275,2022-02-28T07:00:00,ceiling_to_next_hour_no_interpolation,2,10.7460009,106.62022685,0.2385454680449676,45.818853096227706,10.92987975712325,0.01605958185687468,0.6535516262248425,5.749581134643254,6,0.7378874696246114,1.7837473485749953,supported
s2_to_s6,motorbike-2,motorbike,oracle_exposure,268,680569918:1:f,2022-02-28T06:16:37.347411860,2022-02-28T07:00:00,ceiling_to_next_hour_no_interpolation,2,10.77831525,106.656703,0.31213139436143794,33.36209942040852,10.413358610917031,0.015300642709085849,0.38477310431000394,3.4047736302723672,6,0.7611361583789097,1.6854045162543247,supported
s2_to_s6,motorbike-2,motorbike,oracle_exposure,17,235097264:4:r,2022-02-28T06:00:47.769670449,2022-02-28T07:00:00,ceiling_to_next_hour_no_interpolation,2,10.74479465,106.61911515,0.21984515255388334,46.85614358661108,10.301096034885177,0.015135692126891915,0.4771919344590909,5.929553861374707,6,0.7974546193571816,1.5491196169894108,supported
s2_to_s6,motorbike-2,motorbike,predicted_exposure,273,680569918:6:f,2022-02-28T06:17:17.760818026,2022-02-28T07:00:00,ceiling_to_next_hour_no_interpolation,2,10.7801838,106.6584301,0.36819407241328234,26.63268424580108,9.805996471758567,0.021704799503130073,0.11674219152351317,3.2371556583288035,6,0.9117401403467864,1.2001747454759668,supported
s2_to_s6,motorbike-2,motorbike,predicted_exposure,268,680569918:1:f,2022-02-28T06:16:37.347411860,2022-02-28T07:00:00,ceiling_to_next_hour_no_interpolation,2,10.77831525,106.656703,0.31213139436143794,26.331580939993042,8.21891307454109,0.01819191562329586,0.38477310431000394,3.4047736302723672,6,0.7611361583789097,1.6854045162543247,supported
s2_to_s6,motorbike-2,motorbike,predicted_exposure,265,408212916:13:f,2022-02-28T06:16:14.751067668,2022-02-28T07:00:00,ceiling_to_next_hour_no_interpolation,2,10.77712375,106.65632825,0.28105554934502197,26.221404929962457,7.369671367188865,0.01631218610872157,0.505423329359402,3.4398423668420013,6,0.709023164148208,1.9104002276763092,supported
s2_to_s6,motorbike-2,motorbike,predicted_exposure,24,32578536:1:r,2022-02-28T06:01:37.625669963,2022-02-28T07:00:00,ceiling_to_next_hour_no_interpolation,2,10.74727965,106.620165,0.28953459253791264,24.70868407940527,7.154018777078614,0.015834856115369625,0.7758125673318681,5.6608967453404215,6,0.700916633635365,1.9517865831407608,supported
s2_to_s6,motorbike-2,motorbike,predicted_exposure,262,32584525:0:r,2022-02-28T06:15:56.576072977,2022-02-28T07:00:00,ceiling_to_next_hour_no_interpolation,2,10.7761674,106.65606450000001,0.2439525524967189,26.14025581405746,6.376982128756515,0.014114946802023649,0.6053634629117658,3.4676969657613146,6,0.6712268770899593,2.09650657419891,supported
s2_to_s6,motorbike-3,motorbike,oracle_exposure,21,32578536:1:r,2022-02-28T06:01:37.801345759,2022-02-28T07:00:00,ceiling_to_next_hour_no_interpolation,2,10.74727965,106.620165,0.28953459253791264,45.19309354603944,13.084963925380299,0.01922732574638363,0.7758125673318681,5.6608967453404215,6,0.700916633635365,1.9517865831407608,supported
s2_to_s6,motorbike-3,motorbike,oracle_exposure,271,680569918:6:f,2022-02-28T06:17:17.763535556,2022-02-28T07:00:00,ceiling_to_next_hour_no_interpolation,2,10.7801838,106.6584301,0.36819407241328234,33.28174968287311,12.254142952776519,0.018006499646420506,0.11674219152351317,3.2371556583288035,6,0.9117401403467864,1.2001747454759668,supported
s2_to_s6,motorbike-3,motorbike,oracle_exposure,19,32578536:3:r,2022-02-28T06:01:17.301528072,2022-02-28T07:00:00,ceiling_to_next_hour_no_interpolation,2,10.7460009,106.62022685,0.2385454680449676,45.818853096227706,10.92987975712325,0.016060598994192894,0.6535516262248425,5.749581134643254,6,0.7378874696246114,1.7837473485749953,supported
s2_to_s6,motorbike-3,motorbike,oracle_exposure,266,680569918:1:f,2022-02-28T06:16:37.350129390,2022-02-28T07:00:00,ceiling_to_next_hour_no_interpolation,2,10.77831525,106.656703,0.31213139436143794,33.36209942040852,10.413358610917031,0.015301611778818221,0.38477310431000394,3.4047736302723672,6,0.7611361583789097,1.6854045162543247,supported
s2_to_s6,motorbike-3,motorbike,oracle_exposure,14,235097264:4:r,2022-02-28T06:00:47.945346245,2022-02-28T07:00:00,ceiling_to_next_hour_no_interpolation,2,10.74479465,106.61911515,0.21984515255388334,46.85614358661108,10.301096034885177,0.015136650749441146,0.4771919344590909,5.929553861374707,6,0.7974546193571816,1.5491196169894108,supported
s2_to_s6,motorbike-3,motorbike,predicted_exposure,271,680569918:6:f,2022-02-28T06:17:17.763535556,2022-02-28T07:00:00,ceiling_to_next_hour_no_interpolation,2,10.7801838,106.6584301,0.36819407241328234,26.63268424580108,9.805996471758567,0.02170425300419553,0.11674219152351317,3.2371556583288035,6,0.9117401403467864,1.2001747454759668,supported
s2_to_s6,motorbike-3,motorbike,predicted_exposure,266,680569918:1:f,2022-02-28T06:16:37.350129390,2022-02-28T07:00:00,ceiling_to_next_hour_no_interpolation,2,10.77831525,106.656703,0.31213139436143794,26.331580939993042,8.21891307454109,0.018191457574259096,0.38477310431000394,3.4047736302723672,6,0.7611361583789097,1.6854045162543247,supported
s2_to_s6,motorbike-3,motorbike,predicted_exposure,263,408212916:13:f,2022-02-28T06:16:14.753785198,2022-02-28T07:00:00,ceiling_to_next_hour_no_interpolation,2,10.77712375,106.65632825,0.28105554934502197,26.221404929962457,7.369671367188865,0.016311775388856257,0.505423329359402,3.4398423668420013,6,0.709023164148208,1.9104002276763092,supported
s2_to_s6,motorbike-3,motorbike,predicted_exposure,21,32578536:1:r,2022-02-28T06:01:37.801345759,2022-02-28T07:00:00,ceiling_to_next_hour_no_interpolation,2,10.74727965,106.620165,0.28953459253791264,24.70868407940527,7.154018777078614,0.0158344574140596,0.7758125673318681,5.6608967453404215,6,0.700916633635365,1.9517865831407608,supported
s2_to_s6,motorbike-3,motorbike,predicted_exposure,260,32584525:0:r,2022-02-28T06:15:56.578790507,2022-02-28T07:00:00,ceiling_to_next_hour_no_interpolation,2,10.7761674,106.65606450000001,0.2439525524967189,26.14025581405746,6.376982128756515,0.014114591405817967,0.6053634629117658,3.4676969657613146,6,0.6712268770899593,2.09650657419891,supported
s2_to_s6,motorbike-4,motorbike,oracle_exposure,24,32578536:1:r,2022-02-28T06:01:37.625669963,2022-02-28T07:00:00,ceiling_to_next_hour_no_interpolation,2,10.74727965,106.620165,0.28953459253791264,45.19309354603944,13.084963925380299,0.019226538893076142,0.7758125673318681,5.6608967453404215,6,0.700916633635365,1.9517865831407608,supported
s2_to_s6,motorbike-4,motorbike,oracle_exposure,275,680569918:6:f,2022-02-28T06:17:17.772978396,2022-02-28T07:00:00,ceiling_to_next_hour_no_interpolation,2,10.7801838,106.6584301,0.36819407241328234,33.28174968287311,12.254142952776519,0.01800576275383389,0.11674219152351317,3.2371556583288035,6,0.9117401403467864,1.2001747454759668,supported
s2_to_s6,motorbike-4,motorbike,oracle_exposure,22,32578536:3:r,2022-02-28T06:01:17.125852275,2022-02-28T07:00:00,ceiling_to_next_hour_no_interpolation,2,10.7460009,106.62022685,0.2385454680449676,45.818853096227706,10.92987975712325,0.016059941735060475,0.6535516262248425,5.749581134643254,6,0.7378874696246114,1.7837473485749953,supported
s2_to_s6,motorbike-4,motorbike,oracle_exposure,270,680569918:1:f,2022-02-28T06:16:37.359572230,2022-02-28T07:00:00,ceiling_to_next_hour_no_interpolation,2,10.77831525,106.656703,0.31213139436143794,33.36209942040852,10.413358610917031,0.015300985580250785,0.38477310431000394,3.4047736302723672,6,0.7611361583789097,1.6854045162543247,supported
s2_to_s6,motorbike-4,motorbike,oracle_exposure,17,235097264:4:r,2022-02-28T06:00:47.769670449,2022-02-28T07:00:00,ceiling_to_next_hour_no_interpolation,2,10.74479465,106.61911515,0.21984515255388334,46.85614358661108,10.301096034885177,0.01513603130168936,0.4771919344590909,5.929553861374707,6,0.7974546193571816,1.5491196169894108,supported
s2_to_s6,motorbike-4,motorbike,predicted_exposure,275,680569918:6:f,2022-02-28T06:17:17.772978396,2022-02-28T07:00:00,ceiling_to_next_hour_no_interpolation,2,10.7801838,106.6584301,0.36819407241328234,26.63268424580108,9.805996471758567,0.021704255172010706,0.11674219152351317,3.2371556583288035,6,0.9117401403467864,1.2001747454759668,supported
s2_to_s6,motorbike-4,motorbike,predicted_exposure,270,680569918:1:f,2022-02-28T06:16:37.359572230,2022-02-28T07:00:00,ceiling_to_next_hour_no_interpolation,2,10.77831525,106.656703,0.31213139436143794,26.331580939993042,8.21891307454109,0.018191459391217177,0.38477310431000394,3.4047736302723672,6,0.7611361583789097,1.6854045162543247,supported
s2_to_s6,motorbike-4,motorbike,predicted_exposure,267,408212916:13:f,2022-02-28T06:16:14.763228037,2022-02-28T07:00:00,ceiling_to_next_hour_no_interpolation,2,10.77712375,106.65632825,0.28105554934502197,26.221404929962457,7.369671367188865,0.01631177701807217,0.505423329359402,3.4398423668420013,6,0.709023164148208,1.9104002276763092,supported
s2_to_s6,motorbike-4,motorbike,predicted_exposure,24,32578536:1:r,2022-02-28T06:01:37.625669963,2022-02-28T07:00:00,ceiling_to_next_hour_no_interpolation,2,10.74727965,106.620165,0.28953459253791264,24.70868407940527,7.154018777078614,0.01583445899560111,0.7758125673318681,5.6608967453404215,6,0.700916633635365,1.9517865831407608,supported
s2_to_s6,motorbike-4,motorbike,predicted_exposure,264,32584525:0:r,2022-02-28T06:15:56.588233347,2022-02-28T07:00:00,ceiling_to_next_hour_no_interpolation,2,10.7761674,106.65606450000001,0.2439525524967189,26.14025581405746,6.376982128756515,0.014114592815579708,0.6053634629117658,3.4676969657613146,6,0.6712268770899593,2.09650657419891,supported
s2_to_s6,motorbike-5,motorbike,oracle_exposure,24,32578536:1:r,2022-02-28T06:01:37.625669963,2022-02-28T07:00:00,ceiling_to_next_hour_no_interpolation,2,10.74727965,106.620165,0.28953459253791264,45.19309354603944,13.084963925380299,0.019225229299292296,0.7758125673318681,5.6608967453404215,6,0.700916633635365,1.9517865831407608,supported
s2_to_s6,motorbike-5,motorbike,oracle_exposure,274,680569918:6:f,2022-02-28T06:17:17.793253726,2022-02-28T07:00:00,ceiling_to_next_hour_no_interpolation,2,10.7801838,106.6584301,0.36819407241328234,33.28174968287311,12.254142952776519,0.018004536311825425,0.11674219152351317,3.2371556583288035,6,0.9117401403467864,1.2001747454759668,supported
s2_to_s6,motorbike-5,motorbike,oracle_exposure,22,32578536:3:r,2022-02-28T06:01:17.125852275,2022-02-28T07:00:00,ceiling_to_next_hour_no_interpolation,2,10.7460009,106.62022685,0.2385454680449676,45.818853096227706,10.92987975712325,0.016058847830433015,0.6535516262248425,5.749581134643254,6,0.7378874696246114,1.7837473485749953,supported
s2_to_s6,motorbike-5,motorbike,oracle_exposure,269,680569918:1:f,2022-02-28T06:16:37.379847559,2022-02-28T07:00:00,ceiling_to_next_hour_no_interpolation,2,10.77831525,106.656703,0.31213139436143794,33.36209942040852,10.413358610917031,0.015299943371056812,0.38477310431000394,3.4047736302723672,6,0.7611361583789097,1.6854045162543247,supported
s2_to_s6,motorbike-5,motorbike,oracle_exposure,17,235097264:4:r,2022-02-28T06:00:47.769670449,2022-02-28T07:00:00,ceiling_to_next_hour_no_interpolation,2,10.74479465,106.61911515,0.21984515255388334,46.85614358661108,10.301096034885177,0.015135000328168072,0.4771919344590909,5.929553861374707,6,0.7974546193571816,1.5491196169894108,supported
s2_to_s6,motorbike-5,motorbike,predicted_exposure,274,680569918:6:f,2022-02-28T06:17:17.793253726,2022-02-28T07:00:00,ceiling_to_next_hour_no_interpolation,2,10.7801838,106.6584301,0.36819407241328234,26.63268424580108,9.805996471758567,0.02170413234024008,0.11674219152351317,3.2371556583288035,6,0.9117401403467864,1.2001747454759668,supported
s2_to_s6,motorbike-5,motorbike,predicted_exposure,269,680569918:1:f,2022-02-28T06:16:37.379847559,2022-02-28T07:00:00,ceiling_to_next_hour_no_interpolation,2,10.77831525,106.656703,0.31213139436143794,26.331580939993042,8.21891307454109,0.01819135643955403,0.38477310431000394,3.4047736302723672,6,0.7611361583789097,1.6854045162543247,supported
s2_to_s6,motorbike-5,motorbike,predicted_exposure,266,408212916:13:f,2022-02-28T06:16:14.783503367,2022-02-28T07:00:00,ceiling_to_next_hour_no_interpolation,2,10.77712375,106.65632825,0.28105554934502197,26.221404929962457,7.369671367188865,0.016311684704171627,0.505423329359402,3.4398423668420013,6,0.709023164148208,1.9104002276763092,supported
s2_to_s6,motorbike-5,motorbike,predicted_exposure,24,32578536:1:r,2022-02-28T06:01:37.625669963,2022-02-28T07:00:00,ceiling_to_next_hour_no_interpolation,2,10.74727965,106.620165,0.28953459253791264,24.70868407940527,7.154018777078614,0.015834369383005798,0.7758125673318681,5.6608967453404215,6,0.700916633635365,1.9517865831407608,supported
s2_to_s6,motorbike-5,motorbike,predicted_exposure,263,32584525:0:r,2022-02-28T06:15:56.608508676,2022-02-28T07:00:00,ceiling_to_next_hour_no_interpolation,2,10.7761674,106.65606450000001,0.2439525524967189,26.14025581405746,6.376982128756515,0.014114512936292744,0.6053634629117658,3.4676969657613146,6,0.6712268770899593,2.09650657419891,supported
s2_to_s6,walking-1,walking,oracle_exposure,268,32586914:1:r,2022-02-28T07:14:38.887252461,2022-02-28T08:00:00,ceiling_to_next_hour_no_interpolation,3,10.776372949999999,106.65547955,2.0818490758905823,28.238055922738155,58.78737062769901,0.019186500720102938,0.6297305923289624,3.5315219441475647,6,0.663376946854911,2.1384788806106005,supported
s2_to_s6,walking-1,walking,oracle_exposure,63,715882473:6:r,2022-02-28T06:16:01.454163127,2022-02-28T07:00:00,ceiling_to_next_hour_no_interpolation,2,10.74858525,106.62715535000001,1.3863577093735666,42.403247712097524,58.78606936814345,0.019186076026548298,1.3841416185615065,5.002290652136688,6,0.5489574151252755,2.8553649822442857,moderate reliability
s2_to_s6,walking-1,walking,oracle_exposure,83,456799182:0:f,2022-02-28T06:24:01.826803107,2022-02-28T07:00:00,ceiling_to_next_hour_no_interpolation,2,10.75239415,106.63117055000001,1.4179178942292572,40.37526749368529,57.24881426358923,0.018684360337352046,1.991332678686646,4.392692410904776,6,0.4377442111822203,3.7113044092009955,supported
s2_to_s6,walking-1,walking,oracle_exposure,58,715882473:11:r,2022-02-28T06:13:37.042141652,2022-02-28T07:00:00,ceiling_to_next_hour_no_interpolation,2,10.7474713,106.6257115,1.2998567441073434,43.20727200188111,56.16326390612556,0.018330068037955154,1.1835933428689263,5.201408844415851,6,0.5934378592389805,2.5536005269480393,moderate reliability
s2_to_s6,walking-1,walking,oracle_exposure,27,612501703:1:r,2022-02-28T06:07:02.651330867,2022-02-28T07:00:00,ceiling_to_next_hour_no_interpolation,2,10.74430045,106.6219586,1.1933298924651696,45.83291806438602,54.6937911851387,0.0178504745620377,0.6442636938476133,5.740851250824855,6,0.7410430042879225,1.7702416838300465,supported
s2_to_s6,walking-1,walking,predicted_exposure,268,32586914:1:r,2022-02-28T07:14:38.887252461,2022-02-28T08:00:00,ceiling_to_next_hour_no_interpolation,3,10.776372949999999,106.65547955,2.0818490758905823,26.058269945081012,54.24938520447424,0.025498052433389585,0.6297305923289624,3.5315219441475647,6,0.663376946854911,2.1384788806106005,supported
s2_to_s6,walking-1,walking,predicted_exposure,280,680569918:6:f,2022-02-28T07:21:22.068786073,2022-02-28T08:00:00,ceiling_to_next_hour_no_interpolation,3,10.7801838,106.6584301,1.8409703620664117,26.088197598689945,48.02759857892032,0.022573716221840193,0.11674219152351317,3.2371556583288035,6,0.9117401403467864,1.2001747454759668,supported
s2_to_s6,walking-1,walking,predicted_exposure,275,680569918:1:f,2022-02-28T07:18:00.001755241,2022-02-28T08:00:00,ceiling_to_next_hour_no_interpolation,3,10.77831525,106.656703,1.5606569718071899,26.067860455422515,40.682988159852094,0.019121635412770017,0.38477310431000394,3.4047736302723672,6,0.7611361583789097,1.6854045162543247,supported
s2_to_s6,walking-1,walking,predicted_exposure,83,456799182:0:f,2022-02-28T06:24:01.826803107,2022-02-28T07:00:00,ceiling_to_next_hour_no_interpolation,2,10.75239415,106.63117055000001,1.4179178942292572,25.34843947958064,35.94200592888475,0.016893300233388045,1.991332678686646,4.392692410904776,6,0.4377442111822203,3.7113044092009955,supported
s2_to_s6,walking-1,walking,predicted_exposure,263,32586914:6:r,2022-02-28T07:11:36.945823927,2022-02-28T08:00:00,ceiling_to_next_hour_no_interpolation,3,10.77456655,106.6541881,1.3503308464654693,26.06032769789774,35.19006435946977,0.016539876033435878,0.8732155225395791,3.678050568289174,6,0.589889852522056,2.5739513749810583,supported
s2_to_s6,walking-2,walking,oracle_exposure,268,32586914:1:r,2022-02-28T07:14:38.887252461,2022-02-28T08:00:00,ceiling_to_next_hour_no_interpolation,3,10.776372949999999,106.65547955,2.0818490758905823,28.238055922738155,58.78737062769901,0.01918499788196816,0.6297305923289624,3.5315219441475647,6,0.663376946854911,2.1384788806106005,supported
s2_to_s6,walking-2,walking,oracle_exposure,63,715882473:6:r,2022-02-28T06:16:01.454163127,2022-02-28T07:00:00,ceiling_to_next_hour_no_interpolation,2,10.74858525,106.62715535000001,1.3863577093735666,42.403247712097524,58.78606936814345,0.019184573221678873,1.3841416185615065,5.002290652136688,6,0.5489574151252755,2.8553649822442857,moderate reliability
s2_to_s6,walking-2,walking,oracle_exposure,83,456799182:0:f,2022-02-28T06:24:01.826803107,2022-02-28T07:00:00,ceiling_to_next_hour_no_interpolation,2,10.75239415,106.63117055000001,1.4179178942292572,40.37526749368529,57.24881426358923,0.018682896830814377,1.991332678686646,4.392692410904776,6,0.4377442111822203,3.7113044092009955,supported
s2_to_s6,walking-2,walking,oracle_exposure,58,715882473:11:r,2022-02-28T06:13:37.042141652,2022-02-28T07:00:00,ceiling_to_next_hour_no_interpolation,2,10.7474713,106.6257115,1.2998567441073434,43.20727200188111,56.16326390612556,0.018328632282386053,1.1835933428689263,5.201408844415851,6,0.5934378592389805,2.5536005269480393,moderate reliability
s2_to_s6,walking-2,walking,oracle_exposure,27,612501703:1:r,2022-02-28T06:07:02.651330867,2022-02-28T07:00:00,ceiling_to_next_hour_no_interpolation,2,10.74430045,106.6219586,1.1933298924651696,45.83291806438602,54.6937911851387,0.017849076372014043,0.6442636938476133,5.740851250824855,6,0.7410430042879225,1.7702416838300465,supported
s2_to_s6,walking-2,walking,predicted_exposure,268,32586914:1:r,2022-02-28T07:14:38.887252461,2022-02-28T08:00:00,ceiling_to_next_hour_no_interpolation,3,10.776372949999999,106.65547955,2.0818490758905823,26.058269945081012,54.24938520447424,0.025495382656275288,0.6297305923289624,3.5315219441475647,6,0.663376946854911,2.1384788806106005,supported
s2_to_s6,walking-2,walking,predicted_exposure,280,680569918:6:f,2022-02-28T07:21:22.068786073,2022-02-28T08:00:00,ceiling_to_next_hour_no_interpolation,3,10.7801838,106.6584301,1.8409703620664117,26.088197598689945,48.02759857892032,0.022571352637754265,0.11674219152351317,3.2371556583288035,6,0.9117401403467864,1.2001747454759668,supported
s2_to_s6,walking-2,walking,predicted_exposure,275,680569918:1:f,2022-02-28T07:18:00.001755241,2022-02-28T08:00:00,ceiling_to_next_hour_no_interpolation,3,10.77831525,106.656703,1.5606569718071899,26.067860455422515,40.682988159852094,0.019119633279283694,0.38477310431000394,3.4047736302723672,6,0.7611361583789097,1.6854045162543247,supported
s2_to_s6,walking-2,walking,predicted_exposure,83,456799182:0:f,2022-02-28T06:24:01.826803107,2022-02-28T07:00:00,ceiling_to_next_hour_no_interpolation,2,10.75239415,106.63117055000001,1.4179178942292572,25.34843947958064,35.94200592888475,0.016891531418045544,1.991332678686646,4.392692410904776,6,0.4377442111822203,3.7113044092009955,supported
s2_to_s6,walking-2,walking,predicted_exposure,263,32586914:6:r,2022-02-28T07:11:36.945823927,2022-02-28T08:00:00,ceiling_to_next_hour_no_interpolation,3,10.77456655,106.6541881,1.3503308464654693,26.06032769789774,35.19006435946977,0.016538144223423222,0.8732155225395791,3.678050568289174,6,0.589889852522056,2.5739513749810583,supported
s2_to_s6,walking-3,walking,oracle_exposure,269,32586914:1:r,2022-02-28T07:14:39.812845641,2022-02-28T08:00:00,ceiling_to_next_hour_no_interpolation,3,10.776372949999999,106.65547955,2.0818490758905823,28.238055922738155,58.78737062769901,0.019182739357778256,0.6297305923289624,3.5315219441475647,6,0.663376946854911,2.1384788806106005,supported
s2_to_s6,walking-3,walking,oracle_exposure,63,715882473:6:r,2022-02-28T06:16:01.454163127,2022-02-28T07:00:00,ceiling_to_next_hour_no_interpolation,2,10.74858525,106.62715535000001,1.3863577093735666,42.403247712097524,58.78606936814345,0.019182314747481444,1.3841416185615065,5.002290652136688,6,0.5489574151252755,2.8553649822442857,moderate reliability
s2_to_s6,walking-3,walking,oracle_exposure,83,456799182:0:f,2022-02-28T06:24:01.826803107,2022-02-28T07:00:00,ceiling_to_next_hour_no_interpolation,2,10.75239415,106.63117055000001,1.4179178942292572,40.37526749368529,57.24881426358923,0.0186806974156938,1.991332678686646,4.392692410904776,6,0.4377442111822203,3.7113044092009955,supported
s2_to_s6,walking-3,walking,oracle_exposure,58,715882473:11:r,2022-02-28T06:13:37.042141652,2022-02-28T07:00:00,ceiling_to_next_hour_no_interpolation,2,10.7474713,106.6257115,1.2998567441073434,43.20727200188111,56.16326390612556,0.01832647457251127,1.1835933428689263,5.201408844415851,6,0.5934378592389805,2.5536005269480393,moderate reliability
s2_to_s6,walking-3,walking,oracle_exposure,27,612501703:1:r,2022-02-28T06:07:02.651330867,2022-02-28T07:00:00,ceiling_to_next_hour_no_interpolation,2,10.74430045,106.6219586,1.1933298924651696,45.83291806438602,54.6937911851387,0.017846975117116772,0.6442636938476133,5.740851250824855,6,0.7410430042879225,1.7702416838300465,supported
s2_to_s6,walking-3,walking,predicted_exposure,269,32586914:1:r,2022-02-28T07:14:39.812845641,2022-02-28T08:00:00,ceiling_to_next_hour_no_interpolation,3,10.776372949999999,106.65547955,2.0818490758905823,26.058269945081012,54.24938520447424,0.02549330466274221,0.6297305923289624,3.5315219441475647,6,0.663376946854911,2.1384788806106005,supported
s2_to_s6,walking-3,walking,predicted_exposure,281,680569918:6:f,2022-02-28T07:21:22.994379253,2022-02-28T08:00:00,ceiling_to_next_hour_no_interpolation,3,10.7801838,106.6584301,1.8409703620664117,26.088197598689945,48.02759857892032,0.022569512966412734,0.11674219152351317,3.2371556583288035,6,0.9117401403467864,1.2001747454759668,supported
s2_to_s6,walking-3,walking,predicted_exposure,276,680569918:1:f,2022-02-28T07:18:00.927348421,2022-02-28T08:00:00,ceiling_to_next_hour_no_interpolation,3,10.77831525,106.656703,1.5606569718071899,26.067860455422515,40.682988159852094,0.019118074939295435,0.38477310431000394,3.4047736302723672,6,0.7611361583789097,1.6854045162543247,supported
s2_to_s6,walking-3,walking,predicted_exposure,83,456799182:0:f,2022-02-28T06:24:01.826803107,2022-02-28T07:00:00,ceiling_to_next_hour_no_interpolation,2,10.75239415,106.63117055000001,1.4179178942292572,25.34843947958064,35.94200592888475,0.016890154678832658,1.991332678686646,4.392692410904776,6,0.4377442111822203,3.7113044092009955,supported
s2_to_s6,walking-3,walking,predicted_exposure,264,32586914:6:r,2022-02-28T07:11:37.871417107,2022-02-28T08:00:00,ceiling_to_next_hour_no_interpolation,3,10.77456655,106.6541881,1.3503308464654693,26.06032769789774,35.19006435946977,0.016536796286927866,0.8732155225395791,3.678050568289174,6,0.589889852522056,2.5739513749810583,supported
s2_to_s6,walking-4,walking,oracle_exposure,269,32586914:1:r,2022-02-28T07:14:39.812845641,2022-02-28T08:00:00,ceiling_to_next_hour_no_interpolation,3,10.776372949999999,106.65547955,2.0818490758905823,28.238055922738155,58.78737062769901,0.01918123710880181,0.6297305923289624,3.5315219441475647,6,0.663376946854911,2.1384788806106005,supported
s2_to_s6,walking-4,walking,oracle_exposure,63,715882473:6:r,2022-02-28T06:16:01.454163127,2022-02-28T07:00:00,ceiling_to_next_hour_no_interpolation,2,10.74858525,106.62715535000001,1.3863577093735666,42.403247712097524,58.78606936814345,0.019180812531757307,1.3841416185615065,5.002290652136688,6,0.5489574151252755,2.8553649822442857,moderate reliability
s2_to_s6,walking-4,walking,oracle_exposure,83,456799182:0:f,2022-02-28T06:24:01.826803107,2022-02-28T07:00:00,ceiling_to_next_hour_no_interpolation,2,10.75239415,106.63117055000001,1.4179178942292572,40.37526749368529,57.24881426358923,0.018679234482895275,1.991332678686646,4.392692410904776,6,0.4377442111822203,3.7113044092009955,supported
s2_to_s6,walking-4,walking,oracle_exposure,58,715882473:11:r,2022-02-28T06:13:37.042141652,2022-02-28T07:00:00,ceiling_to_next_hour_no_interpolation,2,10.7474713,106.6257115,1.2998567441073434,43.20727200188111,56.16326390612556,0.018325039379802087,1.1835933428689263,5.201408844415851,6,0.5934378592389805,2.5536005269480393,moderate reliability
s2_to_s6,walking-4,walking,oracle_exposure,27,612501703:1:r,2022-02-28T06:07:02.651330867,2022-02-28T07:00:00,ceiling_to_next_hour_no_interpolation,2,10.74430045,106.6219586,1.1933298924651696,45.83291806438602,54.6937911851387,0.0178455774752262,0.6442636938476133,5.740851250824855,6,0.7410430042879225,1.7702416838300465,supported
s2_to_s6,walking-4,walking,predicted_exposure,269,32586914:1:r,2022-02-28T07:14:39.812845641,2022-02-28T08:00:00,ceiling_to_next_hour_no_interpolation,3,10.776372949999999,106.65547955,2.0818490758905823,26.058269945081012,54.24938520447424,0.025490635879715284,0.6297305923289624,3.5315219441475647,6,0.663376946854911,2.1384788806106005,supported
s2_to_s6,walking-4,walking,predicted_exposure,281,680569918:6:f,2022-02-28T07:21:22.994379253,2022-02-28T08:00:00,ceiling_to_next_hour_no_interpolation,3,10.7801838,106.6584301,1.8409703620664117,26.088197598689945,48.02759857892032,0.02256715026240368,0.11674219152351317,3.2371556583288035,6,0.9117401403467864,1.2001747454759668,supported
s2_to_s6,walking-4,walking,predicted_exposure,276,680569918:1:f,2022-02-28T07:18:00.927348421,2022-02-28T08:00:00,ceiling_to_next_hour_no_interpolation,3,10.77831525,106.656703,1.5606569718071899,26.067860455422515,40.682988159852094,0.019116073551300412,0.38477310431000394,3.4047736302723672,6,0.7611361583789097,1.6854045162543247,supported
s2_to_s6,walking-4,walking,predicted_exposure,83,456799182:0:f,2022-02-28T06:24:01.826803107,2022-02-28T07:00:00,ceiling_to_next_hour_no_interpolation,2,10.75239415,106.63117055000001,1.4179178942292572,25.34843947958064,35.94200592888475,0.016888386522105808,1.991332678686646,4.392692410904776,6,0.4377442111822203,3.7113044092009955,supported
s2_to_s6,walking-4,walking,predicted_exposure,264,32586914:6:r,2022-02-28T07:11:37.871417107,2022-02-28T08:00:00,ceiling_to_next_hour_no_interpolation,3,10.77456655,106.6541881,1.3503308464654693,26.06032769789774,35.19006435946977,0.016535065121751985,0.8732155225395791,3.678050568289174,6,0.589889852522056,2.5739513749810583,supported
s2_to_s6,walking-5,walking,oracle_exposure,267,32586914:1:r,2022-02-28T07:14:40.330992364,2022-02-28T08:00:00,ceiling_to_next_hour_no_interpolation,3,10.776372949999999,106.65547955,2.0818490758905823,28.238055922738155,58.78737062769901,0.019181059652735897,0.6297305923289624,3.5315219441475647,6,0.663376946854911,2.1384788806106005,supported
s2_to_s6,walking-5,walking,oracle_exposure,63,715882473:6:r,2022-02-28T06:16:01.454163127,2022-02-28T07:00:00,ceiling_to_next_hour_no_interpolation,2,10.74858525,106.62715535000001,1.3863577093735666,42.403247712097524,58.78606936814345,0.019180635079619385,1.3841416185615065,5.002290652136688,6,0.5489574151252755,2.8553649822442857,moderate reliability
s2_to_s6,walking-5,walking,oracle_exposure,83,456799182:0:f,2022-02-28T06:24:01.826803107,2022-02-28T07:00:00,ceiling_to_next_hour_no_interpolation,2,10.75239415,106.63117055000001,1.4179178942292572,40.37526749368529,57.24881426358923,0.01867906167112892,1.991332678686646,4.392692410904776,6,0.4377442111822203,3.7113044092009955,supported
s2_to_s6,walking-5,walking,oracle_exposure,58,715882473:11:r,2022-02-28T06:13:37.042141652,2022-02-28T07:00:00,ceiling_to_next_hour_no_interpolation,2,10.7474713,106.6257115,1.2998567441073434,43.20727200188111,56.16326390612556,0.01832486984488744,1.1835933428689263,5.201408844415851,6,0.5934378592389805,2.5536005269480393,moderate reliability
s2_to_s6,walking-5,walking,oracle_exposure,27,612501703:1:r,2022-02-28T06:07:02.651330867,2022-02-28T07:00:00,ceiling_to_next_hour_no_interpolation,2,10.74430045,106.6219586,1.1933298924651696,45.83291806438602,54.6937911851387,0.01784541237607463,0.6442636938476133,5.740851250824855,6,0.7410430042879225,1.7702416838300465,supported
s2_to_s6,walking-5,walking,predicted_exposure,267,32586914:1:r,2022-02-28T07:14:40.330992364,2022-02-28T08:00:00,ceiling_to_next_hour_no_interpolation,3,10.776372949999999,106.65547955,2.0818490758905823,26.058269945081012,54.24938520447424,0.025490680546463057,0.6297305923289624,3.5315219441475647,6,0.663376946854911,2.1384788806106005,supported
s2_to_s6,walking-5,walking,predicted_exposure,279,680569918:6:f,2022-02-28T07:21:23.512525976,2022-02-28T08:00:00,ceiling_to_next_hour_no_interpolation,3,10.7801838,106.6584301,1.8409703620664117,26.088197598689945,48.02759857892032,0.022567189806384204,0.11674219152351317,3.2371556583288035,6,0.9117401403467864,1.2001747454759668,supported
s2_to_s6,walking-5,walking,predicted_exposure,274,680569918:1:f,2022-02-28T07:18:01.445495144,2022-02-28T08:00:00,ceiling_to_next_hour_no_interpolation,3,10.77831525,106.656703,1.5606569718071899,26.067860455422515,40.682988159852094,0.019116107048026024,0.38477310431000394,3.4047736302723672,6,0.7611361583789097,1.6854045162543247,supported
s2_to_s6,walking-5,walking,predicted_exposure,83,456799182:0:f,2022-02-28T06:24:01.826803107,2022-02-28T07:00:00,ceiling_to_next_hour_no_interpolation,2,10.75239415,106.63117055000001,1.4179178942292572,25.34843947958064,35.94200592888475,0.016888416115298566,1.991332678686646,4.392692410904776,6,0.4377442111822203,3.7113044092009955,supported
s2_to_s6,walking-5,walking,predicted_exposure,262,32586914:6:r,2022-02-28T07:11:38.389563830,2022-02-28T08:00:00,ceiling_to_next_hour_no_interpolation,3,10.77456655,106.6541881,1.3503308464654693,26.06032769789774,35.19006435946977,0.016535094095826493,0.8732155225395791,3.678050568289174,6,0.589889852522056,2.5739513749810583,supported
s6_to_s5,motorbike-1,motorbike,oracle_exposure,1,242307850:0:f,2022-02-28T06:00:12.255383185,2022-02-28T07:00:00,ceiling_to_next_hour_no_interpolation,2,10.780842700000001,106.66004285,0.4085127728482004,33.258038435330874,13.58633350070904,0.053402585983568146,0.07606002512771362,3.073606695230781,6,0.939752963555569,1.131146959543696,supported
s6_to_s5,motorbike-1,motorbike,oracle_exposure,6,520723335:0:r,2022-02-28T06:01:28.688800346,2022-02-28T07:00:00,ceiling_to_next_hour_no_interpolation,2,10.782001950000002,106.6639174,0.37082542546534353,32.64738656717125,12.10648101410282,0.04758586216658975,0.5159876186847594,2.683982416387248,6,0.6867344355868193,2.00758822668363,supported
s6_to_s5,motorbike-1,motorbike,oracle_exposure,5,520723335:1:r,2022-02-28T06:01:10.016443017,2022-02-28T07:00:00,ceiling_to_next_hour_no_interpolation,2,10.7815737,106.66281325,0.25158648547291557,32.87123887658913,8.26995946210173,0.03250599002537826,0.38645693288067984,2.791135301146874,6,0.7481373633234457,1.7345184004293677,supported
s6_to_s5,motorbike-1,motorbike,oracle_exposure,4,520723335:2:r,2022-02-28T06:00:55.092971932,2022-02-28T07:00:00,ceiling_to_next_hour_no_interpolation,2,10.78122965,106.66193150000001,0.24586255070987126,33.02571168798973,8.119785714617962,0.03191571550708692,0.28303910455213144,2.8779933987546675,6,0.8039601192069143,1.5234580160577655,supported
s6_to_s5,motorbike-1,motorbike,oracle_exposure,3,1277704606:0:r,2022-02-28T06:00:41.278449392,2022-02-28T07:00:00,ceiling_to_next_hour_no_interpolation,2,10.7809155,106.66111355000001,0.21462153396426195,33.14626218818865,7.113901636010662,0.02796197692157927,0.18746480435941523,2.9596277418385912,6,0.8621173798390558,1.3366166792736407,supported
s6_to_s5,motorbike-1,motorbike,predicted_exposure,1,242307850:0:f,2022-02-28T06:00:12.255383185,2022-02-28T07:00:00,ceiling_to_next_hour_no_interpolation,2,10.780842700000001,106.66004285,0.4085127728482004,26.684584660429657,10.900993671934673,0.05032829045245165,0.07606002512771362,3.073606695230781,6,0.939752963555569,1.131146959543696,supported
s6_to_s5,motorbike-1,motorbike,predicted_exposure,6,520723335:0:r,2022-02-28T06:01:28.688800346,2022-02-28T07:00:00,ceiling_to_next_hour_no_interpolation,2,10.782001950000002,106.6639174,0.37082542546534353,26.006813586956767,9.64398771338112,0.0445248781318464,0.5159876186847594,2.683982416387248,6,0.6867344355868193,2.00758822668363,supported
s6_to_s5,motorbike-1,motorbike,predicted_exposure,5,520723335:1:r,2022-02-28T06:01:10.016443017,2022-02-28T07:00:00,ceiling_to_next_hour_no_interpolation,2,10.7815737,106.66281325,0.25158648547291557,26.191527767627296,6.589434420223629,0.030422453163349066,0.38645693288067984,2.791135301146874,6,0.7481373633234457,1.7345184004293677,supported
s6_to_s5,motorbike-1,motorbike,predicted_exposure,4,520723335:2:r,2022-02-28T06:00:55.092971932,2022-02-28T07:00:00,ceiling_to_next_hour_no_interpolation,2,10.78122965,106.66193150000001,0.24586255070987126,26.34596521030389,6.477486207518845,0.029905604669147594,0.28303910455213144,2.8779933987546675,6,0.8039601192069143,1.5234580160577655,supported
s6_to_s5,motorbike-1,motorbike,predicted_exposure,3,1277704606:0:r,2022-02-28T06:00:41.278449392,2022-02-28T07:00:00,ceiling_to_next_hour_no_interpolation,2,10.7809155,106.66111355000001,0.21462153396426195,26.49613240950188,5.686640581847489,0.0262543862986323,0.18746480435941523,2.9596277418385912,6,0.8621173798390558,1.3366166792736407,supported
s6_to_s5,motorbike-2,motorbike,oracle_exposure,1,242307850:0:f,2022-02-28T06:00:12.255383185,2022-02-28T07:00:00,ceiling_to_next_hour_no_interpolation,2,10.780842700000001,106.66004285,0.4085127728482004,33.258038435330874,13.58633350070904,0.05334998122589654,0.07606002512771362,3.073606695230781,6,0.939752963555569,1.131146959543696,supported
s6_to_s5,motorbike-2,motorbike,oracle_exposure,6,520723335:0:r,2022-02-28T06:01:28.688800346,2022-02-28T07:00:00,ceiling_to_next_hour_no_interpolation,2,10.782001950000002,106.6639174,0.37082542546534353,32.64738656717125,12.10648101410282,0.04753898723156997,0.5159876186847594,2.683982416387248,6,0.6867344355868193,2.00758822668363,supported
s6_to_s5,motorbike-2,motorbike,oracle_exposure,123,35112908:0:r,2022-02-28T06:08:10.481160892,2022-02-28T07:00:00,ceiling_to_next_hour_no_interpolation,2,10.776761950000001,106.68493825,0.4543766007842314,18.906534097356314,8.590686695767928,0.03373338170396449,0.31670068603270785,2.8137031892891295,6,0.7907221526323307,1.5693707122146274,supported
s6_to_s5,motorbike-2,motorbike,oracle_exposure,5,520723335:1:r,2022-02-28T06:01:10.016443017,2022-02-28T07:00:00,ceiling_to_next_hour_no_interpolation,2,10.7815737,106.66281325,0.25158648547291557,32.87123887658913,8.26995946210173,0.03247396967099529,0.38645693288067984,2.791135301146874,6,0.7481373633234457,1.7345184004293677,supported
s6_to_s5,motorbike-2,motorbike,oracle_exposure,4,520723335:2:r,2022-02-28T06:00:55.092971932,2022-02-28T07:00:00,ceiling_to_next_hour_no_interpolation,2,10.78122965,106.66193150000001,0.24586255070987126,33.02571168798973,8.119785714617962,0.03188427660859083,0.28303910455213144,2.8779933987546675,6,0.8039601192069143,1.5234580160577655,supported
s6_to_s5,motorbike-2,motorbike,predicted_exposure,1,242307850:0:f,2022-02-28T06:00:12.255383185,2022-02-28T07:00:00,ceiling_to_next_hour_no_interpolation,2,10.780842700000001,106.66004285,0.4085127728482004,26.684584660429657,10.900993671934673,0.05028105493106452,0.07606002512771362,3.073606695230781,6,0.939752963555569,1.131146959543696,supported
s6_to_s5,motorbike-2,motorbike,predicted_exposure,6,520723335:0:r,2022-02-28T06:01:28.688800346,2022-02-28T07:00:00,ceiling_to_next_hour_no_interpolation,2,10.782001950000002,106.6639174,0.37082542546534353,26.006813586956767,9.64398771338112,0.04448308939206706,0.5159876186847594,2.683982416387248,6,0.6867344355868193,2.00758822668363,supported
s6_to_s5,motorbike-2,motorbike,predicted_exposure,123,35112908:0:r,2022-02-28T06:08:10.481160892,2022-02-28T07:00:00,ceiling_to_next_hour_no_interpolation,2,10.776761950000001,106.68493825,0.4543766007842314,19.0046832511137,8.635283374622059,0.03983042012239065,0.31670068603270785,2.8137031892891295,6,0.7907221526323307,1.5693707122146274,supported
s6_to_s5,motorbike-2,motorbike,predicted_exposure,5,520723335:1:r,2022-02-28T06:01:10.016443017,2022-02-28T07:00:00,ceiling_to_next_hour_no_interpolation,2,10.7815737,106.66281325,0.25158648547291557,26.191527767627296,6.589434420223629,0.030393900227731196,0.38645693288067984,2.791135301146874,6,0.7481373633234457,1.7345184004293677,supported
s6_to_s5,motorbike-2,motorbike,predicted_exposure,4,520723335:2:r,2022-02-28T06:00:55.092971932,2022-02-28T07:00:00,ceiling_to_next_hour_no_interpolation,2,10.78122965,106.66193150000001,0.24586255070987126,26.34596521030389,6.477486207518845,0.029877536820702013,0.28303910455213144,2.8779933987546675,6,0.8039601192069143,1.5234580160577655,supported
s6_to_s5,motorbike-3,motorbike,oracle_exposure,1,242307850:0:f,2022-02-28T06:00:12.255383185,2022-02-28T07:00:00,ceiling_to_next_hour_no_interpolation,2,10.780842700000001,106.66004285,0.4085127728482004,33.258038435330874,13.58633350070904,0.05327785677399529,0.07606002512771362,3.073606695230781,6,0.939752963555569,1.131146959543696,supported
s6_to_s5,motorbike-3,motorbike,oracle_exposure,6,520723335:0:r,2022-02-28T06:01:28.688800346,2022-02-28T07:00:00,ceiling_to_next_hour_no_interpolation,2,10.782001950000002,106.6639174,0.37082542546534353,32.64738656717125,12.10648101410282,0.04747471872914071,0.5159876186847594,2.683982416387248,6,0.6867344355868193,2.00758822668363,supported
s6_to_s5,motorbike-3,motorbike,oracle_exposure,5,520723335:1:r,2022-02-28T06:01:10.016443017,2022-02-28T07:00:00,ceiling_to_next_hour_no_interpolation,2,10.7815737,106.66281325,0.25158648547291557,32.87123887658913,8.26995946210173,0.03243006773870293,0.38645693288067984,2.791135301146874,6,0.7481373633234457,1.7345184004293677,supported
s6_to_s5,motorbike-3,motorbike,oracle_exposure,4,520723335:2:r,2022-02-28T06:00:55.092971932,2022-02-28T07:00:00,ceiling_to_next_hour_no_interpolation,2,10.78122965,106.66193150000001,0.24586255070987126,33.02571168798973,8.119785714617962,0.03184117188911726,0.28303910455213144,2.8779933987546675,6,0.8039601192069143,1.5234580160577655,supported
s6_to_s5,motorbike-3,motorbike,oracle_exposure,3,1277704606:0:r,2022-02-28T06:00:41.278449392,2022-02-28T07:00:00,ceiling_to_next_hour_no_interpolation,2,10.7809155,106.66111355000001,0.21462153396426195,33.14626218818865,7.113901636010662,0.027896667813129054,0.18746480435941523,2.9596277418385912,6,0.8621173798390558,1.3366166792736407,supported
s6_to_s5,motorbike-3,motorbike,predicted_exposure,1,242307850:0:f,2022-02-28T06:00:12.255383185,2022-02-28T07:00:00,ceiling_to_next_hour_no_interpolation,2,10.780842700000001,106.66004285,0.4085127728482004,26.684584660429657,10.900993671934673,0.05021780893511783,0.07606002512771362,3.073606695230781,6,0.939752963555569,1.131146959543696,supported
s6_to_s5,motorbike-3,motorbike,predicted_exposure,6,520723335:0:r,2022-02-28T06:01:28.688800346,2022-02-28T07:00:00,ceiling_to_next_hour_no_interpolation,2,10.782001950000002,106.6639174,0.37082542546534353,26.006813586956767,9.64398771338112,0.04442713636372977,0.5159876186847594,2.683982416387248,6,0.6867344355868193,2.00758822668363,supported
s6_to_s5,motorbike-3,motorbike,predicted_exposure,5,520723335:1:r,2022-02-28T06:01:10.016443017,2022-02-28T07:00:00,ceiling_to_next_hour_no_interpolation,2,10.7815737,106.66281325,0.25158648547291557,26.191527767627296,6.589434420223629,0.030355669277858672,0.38645693288067984,2.791135301146874,6,0.7481373633234457,1.7345184004293677,supported
s6_to_s5,motorbike-3,motorbike,predicted_exposure,4,520723335:2:r,2022-02-28T06:00:55.092971932,2022-02-28T07:00:00,ceiling_to_next_hour_no_interpolation,2,10.78122965,106.66193150000001,0.24586255070987126,26.34596521030389,6.477486207518845,0.02983995537824322,0.28303910455213144,2.8779933987546675,6,0.8039601192069143,1.5234580160577655,supported
s6_to_s5,motorbike-3,motorbike,predicted_exposure,3,1277704606:0:r,2022-02-28T06:00:41.278449392,2022-02-28T07:00:00,ceiling_to_next_hour_no_interpolation,2,10.7809155,106.66111355000001,0.21462153396426195,26.49613240950188,5.686640581847489,0.02619675222426052,0.18746480435941523,2.9596277418385912,6,0.8621173798390558,1.3366166792736407,supported
s6_to_s5,motorbike-4,motorbike,oracle_exposure,1,242307850:0:f,2022-02-28T06:00:12.255383185,2022-02-28T07:00:00,ceiling_to_next_hour_no_interpolation,2,10.780842700000001,106.66004285,0.4085127728482004,33.258038435330874,13.58633350070904,0.05322549734042765,0.07606002512771362,3.073606695230781,6,0.939752963555569,1.131146959543696,supported
s6_to_s5,motorbike-4,motorbike,oracle_exposure,6,520723335:0:r,2022-02-28T06:01:28.688800346,2022-02-28T07:00:00,ceiling_to_next_hour_no_interpolation,2,10.782001950000002,106.6639174,0.37082542546534353,32.64738656717125,12.10648101410282,0.04742806239699909,0.5159876186847594,2.683982416387248,6,0.6867344355868193,2.00758822668363,supported
s6_to_s5,motorbike-4,motorbike,oracle_exposure,119,35112908:0:r,2022-02-28T06:08:11.608198943,2022-02-28T07:00:00,ceiling_to_next_hour_no_interpolation,2,10.776761950000001,106.68493825,0.4543766007842314,18.906534097356314,8.590686695767928,0.03365467010317247,0.31670068603270785,2.8137031892891295,6,0.7907221526323307,1.5693707122146274,supported
s6_to_s5,motorbike-4,motorbike,oracle_exposure,5,520723335:1:r,2022-02-28T06:01:10.016443017,2022-02-28T07:00:00,ceiling_to_next_hour_no_interpolation,2,10.7815737,106.66281325,0.25158648547291557,32.87123887658913,8.26995946210173,0.032398196712348365,0.38645693288067984,2.791135301146874,6,0.7481373633234457,1.7345184004293677,supported
s6_to_s5,motorbike-4,motorbike,oracle_exposure,4,520723335:2:r,2022-02-28T06:00:55.092971932,2022-02-28T07:00:00,ceiling_to_next_hour_no_interpolation,2,10.78122965,106.66193150000001,0.24586255070987126,33.02571168798973,8.119785714617962,0.03180987960700996,0.28303910455213144,2.8779933987546675,6,0.8039601192069143,1.5234580160577655,supported
s6_to_s5,motorbike-4,motorbike,predicted_exposure,1,242307850:0:f,2022-02-28T06:00:12.255383185,2022-02-28T07:00:00,ceiling_to_next_hour_no_interpolation,2,10.780842700000001,106.66004285,0.4085127728482004,26.684584660429657,10.900993671934673,0.05017078047364665,0.07606002512771362,3.073606695230781,6,0.939752963555569,1.131146959543696,supported
s6_to_s5,motorbike-4,motorbike,predicted_exposure,6,520723335:0:r,2022-02-28T06:01:28.688800346,2022-02-28T07:00:00,ceiling_to_next_hour_no_interpolation,2,10.782001950000002,106.6639174,0.37082542546534353,26.006813586956767,9.64398771338112,0.04438553080755236,0.5159876186847594,2.683982416387248,6,0.6867344355868193,2.00758822668363,supported
s6_to_s5,motorbike-4,motorbike,predicted_exposure,119,35112908:0:r,2022-02-28T06:08:11.608198943,2022-02-28T07:00:00,ceiling_to_next_hour_no_interpolation,2,10.776761950000001,106.68493825,0.4543766007842314,19.0046832511137,8.635283374622059,0.03974306559146952,0.31670068603270785,2.8137031892891295,6,0.7907221526323307,1.5693707122146274,supported
s6_to_s5,motorbike-4,motorbike,predicted_exposure,5,520723335:1:r,2022-02-28T06:01:10.016443017,2022-02-28T07:00:00,ceiling_to_next_hour_no_interpolation,2,10.7815737,106.66281325,0.25158648547291557,26.191527767627296,6.589434420223629,0.030327241505852327,0.38645693288067984,2.791135301146874,6,0.7481373633234457,1.7345184004293677,supported
s6_to_s5,motorbike-4,motorbike,predicted_exposure,4,520723335:2:r,2022-02-28T06:00:55.092971932,2022-02-28T07:00:00,ceiling_to_next_hour_no_interpolation,2,10.78122965,106.66193150000001,0.24586255070987126,26.34596521030389,6.477486207518845,0.029812010566998653,0.28303910455213144,2.8779933987546675,6,0.8039601192069143,1.5234580160577655,supported
s6_to_s5,motorbike-5,motorbike,oracle_exposure,1,242307850:0:f,2022-02-28T06:00:12.255383185,2022-02-28T07:00:00,ceiling_to_next_hour_no_interpolation,2,10.780842700000001,106.66004285,0.4085127728482004,33.258038435330874,13.58633350070904,0.052909932160173916,0.07606002512771362,3.073606695230781,6,0.939752963555569,1.131146959543696,supported
s6_to_s5,motorbike-5,motorbike,oracle_exposure,6,520723335:0:r,2022-02-28T06:01:28.688800346,2022-02-28T07:00:00,ceiling_to_next_hour_no_interpolation,2,10.782001950000002,106.6639174,0.37082542546534353,32.64738656717125,12.10648101410282,0.04714686925072056,0.5159876186847594,2.683982416387248,6,0.6867344355868193,2.00758822668363,supported
s6_to_s5,motorbike-5,motorbike,oracle_exposure,5,520723335:1:r,2022-02-28T06:01:10.016443017,2022-02-28T07:00:00,ceiling_to_next_hour_no_interpolation,2,10.7815737,106.66281325,0.25158648547291557,32.87123887658913,8.26995946210173,0.03220611315660369,0.38645693288067984,2.791135301146874,6,0.7481373633234457,1.7345184004293677,supported
s6_to_s5,motorbike-5,motorbike,oracle_exposure,4,520723335:2:r,2022-02-28T06:00:55.092971932,2022-02-28T07:00:00,ceiling_to_next_hour_no_interpolation,2,10.78122965,106.66193150000001,0.24586255070987126,33.02571168798973,8.119785714617962,0.03162128408618593,0.28303910455213144,2.8779933987546675,6,0.8039601192069143,1.5234580160577655,supported
s6_to_s5,motorbike-5,motorbike,oracle_exposure,3,1277704606:0:r,2022-02-28T06:00:41.278449392,2022-02-28T07:00:00,ceiling_to_next_hour_no_interpolation,2,10.7809155,106.66111355000001,0.21462153396426195,33.14626218818865,7.113901636010662,0.027704019847284853,0.18746480435941523,2.9596277418385912,6,0.8621173798390558,1.3366166792736407,supported
s6_to_s5,motorbike-5,motorbike,predicted_exposure,1,242307850:0:f,2022-02-28T06:00:12.255383185,2022-02-28T07:00:00,ceiling_to_next_hour_no_interpolation,2,10.780842700000001,106.66004285,0.4085127728482004,26.684584660429657,10.900993671934673,0.04996264815207034,0.07606002512771362,3.073606695230781,6,0.939752963555569,1.131146959543696,supported
s6_to_s5,motorbike-5,motorbike,predicted_exposure,6,520723335:0:r,2022-02-28T06:01:28.688800346,2022-02-28T07:00:00,ceiling_to_next_hour_no_interpolation,2,10.782001950000002,106.6639174,0.37082542546534353,26.006813586956767,9.64398771338112,0.0442013984603144,0.5159876186847594,2.683982416387248,6,0.6867344355868193,2.00758822668363,supported
s6_to_s5,motorbike-5,motorbike,predicted_exposure,5,520723335:1:r,2022-02-28T06:01:10.016443017,2022-02-28T07:00:00,ceiling_to_next_hour_no_interpolation,2,10.7815737,106.66281325,0.25158648547291557,26.191527767627296,6.589434420223629,0.030201429646398915,0.38645693288067984,2.791135301146874,6,0.7481373633234457,1.7345184004293677,supported
s6_to_s5,motorbike-5,motorbike,predicted_exposure,4,520723335:2:r,2022-02-28T06:00:55.092971932,2022-02-28T07:00:00,ceiling_to_next_hour_no_interpolation,2,10.78122965,106.66193150000001,0.24586255070987126,26.34596521030389,6.477486207518845,0.029688336131169894,0.28303910455213144,2.8779933987546675,6,0.8039601192069143,1.5234580160577655,supported
s6_to_s5,motorbike-5,motorbike,predicted_exposure,3,1277704606:0:r,2022-02-28T06:00:41.278449392,2022-02-28T07:00:00,ceiling_to_next_hour_no_interpolation,2,10.7809155,106.66111355000001,0.21462153396426195,26.49613240950188,5.686640581847489,0.0260636443895583,0.18746480435941523,2.9596277418385912,6,0.8621173798390558,1.3366166792736407,supported
s6_to_s5,walking-1,walking,oracle_exposure,1,242307850:0:f,2022-02-28T06:01:01.276915927,2022-02-28T07:00:00,ceiling_to_next_hour_no_interpolation,2,10.780842700000001,106.66004285,2.0425638642410022,33.258038435330874,67.9316675035452,0.05292762988051791,0.07606002512771362,3.073606695230781,6,0.939752963555569,1.131146959543696,supported
s6_to_s5,walking-1,walking,oracle_exposure,6,520723335:0:r,2022-02-28T06:07:23.444001728,2022-02-28T07:00:00,ceiling_to_next_hour_no_interpolation,2,10.782001950000002,106.6639174,1.8541271273267175,32.64738656717125,60.5324050705141,0.047162639297534614,0.5159876186847594,2.683982416387248,6,0.6867344355868193,2.00758822668363,supported
s6_to_s5,walking-1,walking,oracle_exposure,5,520723335:1:r,2022-02-28T06:05:50.082215087,2022-02-28T07:00:00,ceiling_to_next_hour_no_interpolation,2,10.7815737,106.66281325,1.257932427364578,32.87123887658913,41.34979731050865,0.032216885704606346,0.38645693288067984,2.791135301146874,6,0.7481373633234457,1.7345184004293677,supported
s6_to_s5,walking-1,walking,oracle_exposure,4,520723335:2:r,2022-02-28T06:04:35.464859660,2022-02-28T07:00:00,ceiling_to_next_hour_no_interpolation,2,10.78122965,106.66193150000001,1.2293127535493567,33.02571168798973,40.59892857308982,0.03163186101607089,0.28303910455213144,2.8779933987546675,6,0.8039601192069143,1.5234580160577655,supported
s6_to_s5,walking-1,walking,oracle_exposure,3,1277704606:0:r,2022-02-28T06:03:26.392246959,2022-02-28T07:00:00,ceiling_to_next_hour_no_interpolation,2,10.7809155,106.66111355000001,1.0731076698213096,33.14626218818865,35.569508180053305,0.027713286500550962,0.18746480435941523,2.9596277418385912,6,0.8621173798390558,1.3366166792736407,supported
s6_to_s5,walking-1,walking,predicted_exposure,1,242307850:0:f,2022-02-28T06:01:01.276915927,2022-02-28T07:00:00,ceiling_to_next_hour_no_interpolation,2,10.780842700000001,106.66004285,2.0425638642410022,26.684584660429657,54.50496835967337,0.049979328623225974,0.07606002512771362,3.073606695230781,6,0.939752963555569,1.131146959543696,supported
s6_to_s5,walking-1,walking,predicted_exposure,6,520723335:0:r,2022-02-28T06:07:23.444001728,2022-02-28T07:00:00,ceiling_to_next_hour_no_interpolation,2,10.782001950000002,106.6639174,1.8541271273267175,26.006813586956767,48.2199385669056,0.04421615548740015,0.5159876186847594,2.683982416387248,6,0.6867344355868193,2.00758822668363,supported
s6_to_s5,walking-1,walking,predicted_exposure,5,520723335:1:r,2022-02-28T06:05:50.082215087,2022-02-28T07:00:00,ceiling_to_next_hour_no_interpolation,2,10.7815737,106.66281325,1.257932427364578,26.191527767627296,32.94717210111815,0.03021151266030447,0.38645693288067984,2.791135301146874,6,0.7481373633234457,1.7345184004293677,supported
s6_to_s5,walking-1,walking,predicted_exposure,4,520723335:2:r,2022-02-28T06:04:35.464859660,2022-02-28T07:00:00,ceiling_to_next_hour_no_interpolation,2,10.78122965,106.66193150000001,1.2293127535493567,26.34596521030389,32.38743103759423,0.029698247844275806,0.28303910455213144,2.8779933987546675,6,0.8039601192069143,1.5234580160577655,supported
s6_to_s5,walking-1,walking,predicted_exposure,3,1277704606:0:r,2022-02-28T06:03:26.392246959,2022-02-28T07:00:00,ceiling_to_next_hour_no_interpolation,2,10.7809155,106.66111355000001,1.0731076698213096,26.49613240950188,28.43320290923744,0.026072345967327496,0.18746480435941523,2.9596277418385912,6,0.8621173798390558,1.3366166792736407,supported
s6_to_s5,walking-2,walking,oracle_exposure,1,242307850:0:f,2022-02-28T06:01:01.276915927,2022-02-28T07:00:00,ceiling_to_next_hour_no_interpolation,2,10.780842700000001,106.66004285,2.0425638642410022,33.258038435330874,67.9316675035452,0.05292392416865759,0.07606002512771362,3.073606695230781,6,0.939752963555569,1.131146959543696,supported
s6_to_s5,walking-2,walking,oracle_exposure,6,520723335:0:r,2022-02-28T06:07:23.444001728,2022-02-28T07:00:00,ceiling_to_next_hour_no_interpolation,2,10.782001950000002,106.6639174,1.8541271273267175,32.64738656717125,60.5324050705141,0.04715933721973133,0.5159876186847594,2.683982416387248,6,0.6867344355868193,2.00758822668363,supported
s6_to_s5,walking-2,walking,oracle_exposure,5,520723335:1:r,2022-02-28T06:05:50.082215087,2022-02-28T07:00:00,ceiling_to_next_hour_no_interpolation,2,10.7815737,106.66281325,1.257932427364578,32.87123887658913,41.34979731050865,0.03221463004918162,0.38645693288067984,2.791135301146874,6,0.7481373633234457,1.7345184004293677,supported
s6_to_s5,walking-2,walking,oracle_exposure,4,520723335:2:r,2022-02-28T06:04:35.464859660,2022-02-28T07:00:00,ceiling_to_next_hour_no_interpolation,2,10.78122965,106.66193150000001,1.2293127535493567,33.02571168798973,40.59892857308982,0.03162964632097127,0.28303910455213144,2.8779933987546675,6,0.8039601192069143,1.5234580160577655,supported
s6_to_s5,walking-2,walking,oracle_exposure,3,1277704606:0:r,2022-02-28T06:03:26.392246959,2022-02-28T07:00:00,ceiling_to_next_hour_no_interpolation,2,10.7809155,106.66111355000001,1.0731076698213096,33.14626218818865,35.569508180053305,0.027711346163250664,0.18746480435941523,2.9596277418385912,6,0.8621173798390558,1.3366166792736407,supported
s6_to_s5,walking-2,walking,predicted_exposure,1,242307850:0:f,2022-02-28T06:01:01.276915927,2022-02-28T07:00:00,ceiling_to_next_hour_no_interpolation,2,10.780842700000001,106.66004285,2.0425638642410022,26.684584660429657,54.50496835967337,0.04997553209790743,0.07606002512771362,3.073606695230781,6,0.939752963555569,1.131146959543696,supported
s6_to_s5,walking-2,walking,predicted_exposure,6,520723335:0:r,2022-02-28T06:07:23.444001728,2022-02-28T07:00:00,ceiling_to_next_hour_no_interpolation,2,10.782001950000002,106.6639174,1.8541271273267175,26.006813586956767,48.2199385669056,0.04421279674372709,0.5159876186847594,2.683982416387248,6,0.6867344355868193,2.00758822668363,supported
s6_to_s5,walking-2,walking,predicted_exposure,5,520723335:1:r,2022-02-28T06:05:50.082215087,2022-02-28T07:00:00,ceiling_to_next_hour_no_interpolation,2,10.7815737,106.66281325,1.257932427364578,26.191527767627296,32.94717210111815,0.030209217736065067,0.38645693288067984,2.791135301146874,6,0.7481373633234457,1.7345184004293677,supported
s6_to_s5,walking-2,walking,predicted_exposure,4,520723335:2:r,2022-02-28T06:04:35.464859660,2022-02-28T07:00:00,ceiling_to_next_hour_no_interpolation,2,10.78122965,106.66193150000001,1.2293127535493567,26.34596521030389,32.38743103759423,0.029695991908612742,0.28303910455213144,2.8779933987546675,6,0.8039601192069143,1.5234580160577655,supported
s6_to_s5,walking-2,walking,predicted_exposure,3,1277704606:0:r,2022-02-28T06:03:26.392246959,2022-02-28T07:00:00,ceiling_to_next_hour_no_interpolation,2,10.7809155,106.66111355000001,1.0731076698213096,26.49613240950188,28.43320290923744,0.026070365462100526,0.18746480435941523,2.9596277418385912,6,0.8621173798390558,1.3366166792736407,supported
s6_to_s5,walking-3,walking,oracle_exposure,1,242307850:0:f,2022-02-28T06:01:01.276915927,2022-02-28T07:00:00,ceiling_to_next_hour_no_interpolation,2,10.780842700000001,106.66004285,2.0425638642410022,33.258038435330874,67.9316675035452,0.05290993216017387,0.07606002512771362,3.073606695230781,6,0.939752963555569,1.131146959543696,supported
s6_to_s5,walking-3,walking,oracle_exposure,6,520723335:0:r,2022-02-28T06:07:23.444001728,2022-02-28T07:00:00,ceiling_to_next_hour_no_interpolation,2,10.782001950000002,106.6639174,1.8541271273267175,32.64738656717125,60.5324050705141,0.04714686925072052,0.5159876186847594,2.683982416387248,6,0.6867344355868193,2.00758822668363,supported
s6_to_s5,walking-3,walking,oracle_exposure,5,520723335:1:r,2022-02-28T06:05:50.082215087,2022-02-28T07:00:00,ceiling_to_next_hour_no_interpolation,2,10.7815737,106.66281325,1.257932427364578,32.87123887658913,41.34979731050865,0.03220611315660366,0.38645693288067984,2.791135301146874,6,0.7481373633234457,1.7345184004293677,supported
s6_to_s5,walking-3,walking,oracle_exposure,4,520723335:2:r,2022-02-28T06:04:35.464859660,2022-02-28T07:00:00,ceiling_to_next_hour_no_interpolation,2,10.78122965,106.66193150000001,1.2293127535493567,33.02571168798973,40.59892857308982,0.03162128408618592,0.28303910455213144,2.8779933987546675,6,0.8039601192069143,1.5234580160577655,supported
s6_to_s5,walking-3,walking,oracle_exposure,3,1277704606:0:r,2022-02-28T06:03:26.392246959,2022-02-28T07:00:00,ceiling_to_next_hour_no_interpolation,2,10.7809155,106.66111355000001,1.0731076698213096,33.14626218818865,35.569508180053305,0.027704019847284826,0.18746480435941523,2.9596277418385912,6,0.8621173798390558,1.3366166792736407,supported
s6_to_s5,walking-3,walking,predicted_exposure,1,242307850:0:f,2022-02-28T06:01:01.276915927,2022-02-28T07:00:00,ceiling_to_next_hour_no_interpolation,2,10.780842700000001,106.66004285,2.0425638642410022,26.684584660429657,54.50496835967337,0.04996264815207036,0.07606002512771362,3.073606695230781,6,0.939752963555569,1.131146959543696,supported
s6_to_s5,walking-3,walking,predicted_exposure,6,520723335:0:r,2022-02-28T06:07:23.444001728,2022-02-28T07:00:00,ceiling_to_next_hour_no_interpolation,2,10.782001950000002,106.6639174,1.8541271273267175,26.006813586956767,48.2199385669056,0.044201398460314414,0.5159876186847594,2.683982416387248,6,0.6867344355868193,2.00758822668363,supported
s6_to_s5,walking-3,walking,predicted_exposure,5,520723335:1:r,2022-02-28T06:05:50.082215087,2022-02-28T07:00:00,ceiling_to_next_hour_no_interpolation,2,10.7815737,106.66281325,1.257932427364578,26.191527767627296,32.94717210111815,0.03020142964639893,0.38645693288067984,2.791135301146874,6,0.7481373633234457,1.7345184004293677,supported
s6_to_s5,walking-3,walking,predicted_exposure,4,520723335:2:r,2022-02-28T06:04:35.464859660,2022-02-28T07:00:00,ceiling_to_next_hour_no_interpolation,2,10.78122965,106.66193150000001,1.2293127535493567,26.34596521030389,32.38743103759423,0.029688336131169914,0.28303910455213144,2.8779933987546675,6,0.8039601192069143,1.5234580160577655,supported
s6_to_s5,walking-3,walking,predicted_exposure,3,1277704606:0:r,2022-02-28T06:03:26.392246959,2022-02-28T07:00:00,ceiling_to_next_hour_no_interpolation,2,10.7809155,106.66111355000001,1.0731076698213096,26.49613240950188,28.43320290923744,0.026063644389558303,0.18746480435941523,2.9596277418385912,6,0.8621173798390558,1.3366166792736407,supported
s6_to_s5,walking-4,walking,oracle_exposure,1,242307850:0:f,2022-02-28T06:01:01.276915927,2022-02-28T07:00:00,ceiling_to_next_hour_no_interpolation,2,10.780842700000001,106.66004285,2.0425638642410022,33.258038435330874,67.9316675035452,0.05290622892601351,0.07606002512771362,3.073606695230781,6,0.939752963555569,1.131146959543696,supported
s6_to_s5,walking-4,walking,oracle_exposure,6,520723335:0:r,2022-02-28T06:07:23.444001728,2022-02-28T07:00:00,ceiling_to_next_hour_no_interpolation,2,10.782001950000002,106.6639174,1.8541271273267175,32.64738656717125,60.5324050705141,0.047143569380740824,0.5159876186847594,2.683982416387248,6,0.6867344355868193,2.00758822668363,supported
s6_to_s5,walking-4,walking,oracle_exposure,5,520723335:1:r,2022-02-28T06:05:50.082215087,2022-02-28T07:00:00,ceiling_to_next_hour_no_interpolation,2,10.7815737,106.66281325,1.257932427364578,32.87123887658913,41.34979731050865,0.03220385900934729,0.38645693288067984,2.791135301146874,6,0.7481373633234457,1.7345184004293677,supported
s6_to_s5,walking-4,walking,oracle_exposure,4,520723335:2:r,2022-02-28T06:04:35.464859660,2022-02-28T07:00:00,ceiling_to_next_hour_no_interpolation,2,10.78122965,106.66193150000001,1.2293127535493567,33.02571168798973,40.59892857308982,0.031619070871867896,0.28303910455213144,2.8779933987546675,6,0.8039601192069143,1.5234580160577655,supported
s6_to_s5,walking-4,walking,oracle_exposure,3,1277704606:0:r,2022-02-28T06:03:26.392246959,2022-02-28T07:00:00,ceiling_to_next_hour_no_interpolation,2,10.7809155,106.66111355000001,1.0731076698213096,33.14626218818865,35.569508180053305,0.02770208080732599,0.18746480435941523,2.9596277418385912,6,0.8621173798390558,1.3366166792736407,supported
s6_to_s5,walking-4,walking,predicted_exposure,1,242307850:0:f,2022-02-28T06:01:01.276915927,2022-02-28T07:00:00,ceiling_to_next_hour_no_interpolation,2,10.780842700000001,106.66004285,2.0425638642410022,26.684584660429657,54.50496835967337,0.04995885416039368,0.07606002512771362,3.073606695230781,6,0.939752963555569,1.131146959543696,supported
s6_to_s5,walking-4,walking,predicted_exposure,6,520723335:0:r,2022-02-28T06:07:23.444001728,2022-02-28T07:00:00,ceiling_to_next_hour_no_interpolation,2,10.782001950000002,106.6639174,1.8541271273267175,26.006813586956767,48.2199385669056,0.04419804195812611,0.5159876186847594,2.683982416387248,6,0.6867344355868193,2.00758822668363,supported
s6_to_s5,walking-4,walking,predicted_exposure,5,520723335:1:r,2022-02-28T06:05:50.082215087,2022-02-28T07:00:00,ceiling_to_next_hour_no_interpolation,2,10.7815737,106.66281325,1.257932427364578,26.191527767627296,32.94717210111815,0.030199136253695774,0.38645693288067984,2.791135301146874,6,0.7481373633234457,1.7345184004293677,supported
s6_to_s5,walking-4,walking,predicted_exposure,4,520723335:2:r,2022-02-28T06:04:35.464859660,2022-02-28T07:00:00,ceiling_to_next_hour_no_interpolation,2,10.78122965,106.66193150000001,1.2293127535493567,26.34596521030389,32.38743103759423,0.02968608170102375,0.28303910455213144,2.8779933987546675,6,0.8039601192069143,1.5234580160577655,supported
s6_to_s5,walking-4,walking,predicted_exposure,3,1277704606:0:r,2022-02-28T06:03:26.392246959,2022-02-28T07:00:00,ceiling_to_next_hour_no_interpolation,2,10.7809155,106.66111355000001,1.0731076698213096,26.49613240950188,28.43320290923744,0.026061665206037508,0.18746480435941523,2.9596277418385912,6,0.8621173798390558,1.3366166792736407,supported
s6_to_s5,walking-5,walking,oracle_exposure,1,242307850:0:f,2022-02-28T06:01:01.276915927,2022-02-28T07:00:00,ceiling_to_next_hour_no_interpolation,2,10.780842700000001,106.66004285,2.0425638642410022,33.258038435330874,67.9316675035452,0.05279326330049717,0.07606002512771362,3.073606695230781,6,0.939752963555569,1.131146959543696,supported
s6_to_s5,walking-5,walking,oracle_exposure,6,520723335:0:r,2022-02-28T06:07:23.444001728,2022-02-28T07:00:00,ceiling_to_next_hour_no_interpolation,2,10.782001950000002,106.6639174,1.8541271273267175,32.64738656717125,60.5324050705141,0.0470429082126274,0.5159876186847594,2.683982416387248,6,0.6867344355868193,2.00758822668363,supported
s6_to_s5,walking-5,walking,oracle_exposure,5,520723335:1:r,2022-02-28T06:05:50.082215087,2022-02-28T07:00:00,ceiling_to_next_hour_no_interpolation,2,10.7815737,106.66281325,1.257932427364578,32.87123887658913,41.34979731050865,0.032135097180147204,0.38645693288067984,2.791135301146874,6,0.7481373633234457,1.7345184004293677,supported
s6_to_s5,walking-5,walking,oracle_exposure,4,520723335:2:r,2022-02-28T06:04:35.464859660,2022-02-28T07:00:00,ceiling_to_next_hour_no_interpolation,2,10.78122965,106.66193150000001,1.2293127535493567,33.02571168798973,40.59892857308982,0.03155155768501269,0.28303910455213144,2.8779933987546675,6,0.8039601192069143,1.5234580160577655,supported
s6_to_s5,walking-5,walking,oracle_exposure,115,35113362:0:r,2022-02-28T06:42:46.555587598,2022-02-28T07:00:00,ceiling_to_next_hour_no_interpolation,2,10.77797895,106.6859755,2.123305575185951,18.239601702005164,38.72824798303873,0.030097753640874622,0.2688717988083433,2.9098295946188886,6,0.8179515339370693,1.4750468746905359,supported
s6_to_s5,walking-5,walking,predicted_exposure,1,242307850:0:f,2022-02-28T06:01:01.276915927,2022-02-28T07:00:00,ceiling_to_next_hour_no_interpolation,2,10.780842700000001,106.66004285,2.0425638642410022,26.684584660429657,54.50496835967337,0.049891020116857136,0.07606002512771362,3.073606695230781,6,0.939752963555569,1.131146959543696,supported
s6_to_s5,walking-5,walking,predicted_exposure,6,520723335:0:r,2022-02-28T06:07:23.444001728,2022-02-28T07:00:00,ceiling_to_next_hour_no_interpolation,2,10.782001950000002,106.6639174,1.8541271273267175,26.006813586956767,48.2199385669056,0.04413802993517634,0.5159876186847594,2.683982416387248,6,0.6867344355868193,2.00758822668363,supported
s6_to_s5,walking-5,walking,predicted_exposure,115,35113362:0:r,2022-02-28T06:42:46.555587598,2022-02-28T07:00:00,ceiling_to_next_hour_no_interpolation,2,10.77797895,106.6859755,2.123305575185951,18.675411319863148,39.65360497435624,0.03629685261766418,0.2688717988083433,2.9098295946188886,6,0.8179515339370693,1.4750468746905359,supported
s6_to_s5,walking-5,walking,predicted_exposure,5,520723335:1:r,2022-02-28T06:05:50.082215087,2022-02-28T07:00:00,ceiling_to_next_hour_no_interpolation,2,10.7815737,106.66281325,1.257932427364578,26.191527767627296,32.94717210111815,0.030158131920073102,0.38645693288067984,2.791135301146874,6,0.7481373633234457,1.7345184004293677,supported
s6_to_s5,walking-5,walking,predicted_exposure,4,520723335:2:r,2022-02-28T06:04:35.464859660,2022-02-28T07:00:00,ceiling_to_next_hour_no_interpolation,2,10.78122965,106.66193150000001,1.2293127535493567,26.34596521030389,32.38743103759423,0.02964577399196238,0.28303910455213144,2.8779933987546675,6,0.8039601192069143,1.5234580160577655,supported
